window_start,window_end,site,ions,concentration
1986-05-20,1986-07-22,BQ1,k_mgl,0.8166666666666667
1986-05-20,1986-07-22,BQ1,ca_mgl,3.9366666666666665
1986-05-20,1986-07-22,BQ1,mg_mgl,3.1066666666666665
1986-05-20,1986-07-22,BQ1,nh4_ugl,NA
1986-05-20,1986-07-22,BQ1,no3_ugl,113.66666666666667
1986-07-22,1986-09-23,BQ1,k_mgl,NA
1986-07-22,1986-09-23,BQ1,ca_mgl,NA
1986-07-22,1986-09-23,BQ1,mg_mgl,NA
1986-07-22,1986-09-23,BQ1,nh4_ugl,NA
1986-07-22,1986-09-23,BQ1,no3_ugl,NA
1986-09-23,1986-11-25,BQ1,k_mgl,0.656
1986-09-23,1986-11-25,BQ1,ca_mgl,4.368
1986-09-23,1986-11-25,BQ1,mg_mgl,2.69
1986-09-23,1986-11-25,BQ1,nh4_ugl,25.4
1986-09-23,1986-11-25,BQ1,no3_ugl,126.66666666666667
1986-11-25,1987-01-27,BQ1,k_mgl,0.6744444444444444
1986-11-25,1987-01-27,BQ1,ca_mgl,3.78
1986-11-25,1987-01-27,BQ1,mg_mgl,2.5877777777777777
1986-11-25,1987-01-27,BQ1,nh4_ugl,21.75
1986-11-25,1987-01-27,BQ1,no3_ugl,154.33333333333334
1987-01-27,1987-03-31,BQ1,k_mgl,0.7244444444444444
1987-01-27,1987-03-31,BQ1,ca_mgl,4.166666666666667
1987-01-27,1987-03-31,BQ1,mg_mgl,2.977777777777778
1987-01-27,1987-03-31,BQ1,nh4_ugl,18.4
1987-01-27,1987-03-31,BQ1,no3_ugl,132.22222222222223
1987-03-31,1987-06-02,BQ1,k_mgl,0.8466666666666667
1987-03-31,1987-06-02,BQ1,ca_mgl,3.7566666666666664
1987-03-31,1987-06-02,BQ1,mg_mgl,2.4299999999999997
1987-03-31,1987-06-02,BQ1,nh4_ugl,41.66666666666667
1987-03-31,1987-06-02,BQ1,no3_ugl,146.44444444444446
1987-06-02,1987-08-04,BQ1,k_mgl,0.8077777777777778
1987-06-02,1987-08-04,BQ1,ca_mgl,3.893333333333333
1987-06-02,1987-08-04,BQ1,mg_mgl,2.522222222222222
1987-06-02,1987-08-04,BQ1,nh4_ugl,73.77777777777777
1987-06-02,1987-08-04,BQ1,no3_ugl,157.66666666666666
1987-08-04,1987-10-06,BQ1,k_mgl,0.77
1987-08-04,1987-10-06,BQ1,ca_mgl,3.3666666666666667
1987-08-04,1987-10-06,BQ1,mg_mgl,2.1716666666666664
1987-08-04,1987-10-06,BQ1,nh4_ugl,44.53846153846154
1987-08-04,1987-10-06,BQ1,no3_ugl,182.30769230769232
1987-10-06,1987-12-08,BQ1,k_mgl,0.737
1987-10-06,1987-12-08,BQ1,ca_mgl,3.726
1987-10-06,1987-12-08,BQ1,mg_mgl,2.349
1987-10-06,1987-12-08,BQ1,nh4_ugl,16.25
1987-10-06,1987-12-08,BQ1,no3_ugl,163.77777777777777
1987-12-08,1988-02-09,BQ1,k_mgl,0.7873333333333333
1987-12-08,1988-02-09,BQ1,ca_mgl,3.2173333333333334
1987-12-08,1988-02-09,BQ1,mg_mgl,2.0086666666666666
1987-12-08,1988-02-09,BQ1,nh4_ugl,24
1987-12-08,1988-02-09,BQ1,no3_ugl,162.33333333333334
1988-02-09,1988-04-12,BQ1,k_mgl,0.90125
1988-02-09,1988-04-12,BQ1,ca_mgl,3.10375
1988-02-09,1988-04-12,BQ1,mg_mgl,1.99375
1988-02-09,1988-04-12,BQ1,nh4_ugl,20.6875
1988-02-09,1988-04-12,BQ1,no3_ugl,206.9375
1988-04-12,1988-06-14,BQ1,k_mgl,0.8766666666666667
1988-04-12,1988-06-14,BQ1,ca_mgl,3.19
1988-04-12,1988-06-14,BQ1,mg_mgl,2.251
1988-04-12,1988-06-14,BQ1,nh4_ugl,64.2
1988-04-12,1988-06-14,BQ1,no3_ugl,151.7
1988-06-14,1988-08-16,BQ1,k_mgl,0.7655555555555555
1988-06-14,1988-08-16,BQ1,ca_mgl,3.2977777777777777
1988-06-14,1988-08-16,BQ1,mg_mgl,2.267
1988-06-14,1988-08-16,BQ1,nh4_ugl,113
1988-06-14,1988-08-16,BQ1,no3_ugl,NA
1988-08-16,1988-10-18,BQ1,k_mgl,0.7553846153846154
1988-08-16,1988-10-18,BQ1,ca_mgl,2.8038461538461537
1988-08-16,1988-10-18,BQ1,mg_mgl,2.046666666666667
1988-08-16,1988-10-18,BQ1,nh4_ugl,37.2
1988-08-16,1988-10-18,BQ1,no3_ugl,93.83333333333334
1988-10-18,1988-12-20,BQ1,k_mgl,0.89375
1988-10-18,1988-12-20,BQ1,ca_mgl,4.1625
1988-10-18,1988-12-20,BQ1,mg_mgl,2.61875
1988-10-18,1988-12-20,BQ1,nh4_ugl,46
1988-10-18,1988-12-20,BQ1,no3_ugl,141.77777777777777
1988-12-20,1989-02-21,BQ1,k_mgl,0.8588888888888889
1988-12-20,1989-02-21,BQ1,ca_mgl,4.32875
1988-12-20,1989-02-21,BQ1,mg_mgl,2.502222222222222
1988-12-20,1989-02-21,BQ1,nh4_ugl,NA
1988-12-20,1989-02-21,BQ1,no3_ugl,153
1989-02-21,1989-04-25,BQ1,k_mgl,0.8366666666666667
1989-02-21,1989-04-25,BQ1,ca_mgl,4.14
1989-02-21,1989-04-25,BQ1,mg_mgl,2.73
1989-02-21,1989-04-25,BQ1,nh4_ugl,NA
1989-02-21,1989-04-25,BQ1,no3_ugl,130.88888888888889
1989-04-25,1989-06-27,BQ1,k_mgl,0.9377777777777778
1989-04-25,1989-06-27,BQ1,ca_mgl,4.794444444444444
1989-04-25,1989-06-27,BQ1,mg_mgl,2.997777777777778
1989-04-25,1989-06-27,BQ1,nh4_ugl,NA
1989-04-25,1989-06-27,BQ1,no3_ugl,141
1989-06-27,1989-08-29,BQ1,k_mgl,0.9444444444444444
1989-06-27,1989-08-29,BQ1,ca_mgl,3.991111111111111
1989-06-27,1989-08-29,BQ1,mg_mgl,2.5477777777777777
1989-06-27,1989-08-29,BQ1,nh4_ugl,NA
1989-06-27,1989-08-29,BQ1,no3_ugl,116.625
1989-08-29,1989-10-31,BQ1,k_mgl,1.049090909090909
1989-08-29,1989-10-31,BQ1,ca_mgl,4.265
1989-08-29,1989-10-31,BQ1,mg_mgl,2.781
1989-08-29,1989-10-31,BQ1,nh4_ugl,NA
1989-08-29,1989-10-31,BQ1,no3_ugl,81.6
1989-10-31,1990-01-02,BQ1,k_mgl,1.232
1989-10-31,1990-01-02,BQ1,ca_mgl,5.118
1989-10-31,1990-01-02,BQ1,mg_mgl,3.237
1989-10-31,1990-01-02,BQ1,nh4_ugl,NA
1989-10-31,1990-01-02,BQ1,no3_ugl,324.1
1990-01-02,1990-03-06,BQ1,k_mgl,1.268888888888889
1990-01-02,1990-03-06,BQ1,ca_mgl,5.847777777777778
1990-01-02,1990-03-06,BQ1,mg_mgl,3.3233333333333333
1990-01-02,1990-03-06,BQ1,nh4_ugl,NA
1990-01-02,1990-03-06,BQ1,no3_ugl,118
1990-03-06,1990-05-08,BQ1,k_mgl,1.4038461538461537
1990-03-06,1990-05-08,BQ1,ca_mgl,4.291538461538462
1990-03-06,1990-05-08,BQ1,mg_mgl,2.5215384615384617
1990-03-06,1990-05-08,BQ1,nh4_ugl,NA
1990-03-06,1990-05-08,BQ1,no3_ugl,480.6363636363637
1990-05-08,1990-07-10,BQ1,k_mgl,1.238
1990-05-08,1990-07-10,BQ1,ca_mgl,5.267
1990-05-08,1990-07-10,BQ1,mg_mgl,3.11
1990-05-08,1990-07-10,BQ1,nh4_ugl,NA
1990-05-08,1990-07-10,BQ1,no3_ugl,208.1
1990-07-10,1990-09-11,BQ1,k_mgl,1.0133333333333334
1990-07-10,1990-09-11,BQ1,ca_mgl,5.6433333333333335
1990-07-10,1990-09-11,BQ1,mg_mgl,3.2533333333333334
1990-07-10,1990-09-11,BQ1,nh4_ugl,NA
1990-07-10,1990-09-11,BQ1,no3_ugl,117.44444444444443
1990-09-11,1990-11-13,BQ1,k_mgl,0.9322222222222222
1990-09-11,1990-11-13,BQ1,ca_mgl,5.207777777777778
1990-09-11,1990-11-13,BQ1,mg_mgl,2.997777777777778
1990-09-11,1990-11-13,BQ1,nh4_ugl,NA
1990-09-11,1990-11-13,BQ1,no3_ugl,97.83333333333334
1990-11-13,1991-01-15,BQ1,k_mgl,1.0736363636363637
1990-11-13,1991-01-15,BQ1,ca_mgl,4.642727272727273
1990-11-13,1991-01-15,BQ1,mg_mgl,2.7827272727272727
1990-11-13,1991-01-15,BQ1,nh4_ugl,NA
1990-11-13,1991-01-15,BQ1,no3_ugl,132.0909090909091
1991-01-15,1991-03-19,BQ1,k_mgl,0.8144444444444444
1991-01-15,1991-03-19,BQ1,ca_mgl,5.7844444444444445
1991-01-15,1991-03-19,BQ1,mg_mgl,3.223333333333333
1991-01-15,1991-03-19,BQ1,nh4_ugl,NA
1991-01-15,1991-03-19,BQ1,no3_ugl,87.85714285714286
1991-03-19,1991-05-21,BQ1,k_mgl,0.8333333333333334
1991-03-19,1991-05-21,BQ1,ca_mgl,5.421111111111111
1991-03-19,1991-05-21,BQ1,mg_mgl,2.9811111111111113
1991-03-19,1991-05-21,BQ1,nh4_ugl,NA
1991-03-19,1991-05-21,BQ1,no3_ugl,59.777777777777786
1991-05-21,1991-07-23,BQ1,k_mgl,0.914
1991-05-21,1991-07-23,BQ1,ca_mgl,5.314
1991-05-21,1991-07-23,BQ1,mg_mgl,3.0629999999999997
1991-05-21,1991-07-23,BQ1,nh4_ugl,NA
1991-05-21,1991-07-23,BQ1,no3_ugl,54.75
1991-07-23,1991-09-24,BQ1,k_mgl,1.012
1991-07-23,1991-09-24,BQ1,ca_mgl,6.164
1991-07-23,1991-09-24,BQ1,mg_mgl,3.801
1991-07-23,1991-09-24,BQ1,nh4_ugl,NA
1991-07-23,1991-09-24,BQ1,no3_ugl,40.77777777777778
1991-09-24,1991-11-26,BQ1,k_mgl,1.1225
1991-09-24,1991-11-26,BQ1,ca_mgl,4.400833333333333
1991-09-24,1991-11-26,BQ1,mg_mgl,2.8266666666666667
1991-09-24,1991-11-26,BQ1,nh4_ugl,NA
1991-09-24,1991-11-26,BQ1,no3_ugl,80.5
1991-11-26,1992-01-28,BQ1,k_mgl,1.1477777777777778
1991-11-26,1992-01-28,BQ1,ca_mgl,5.041111111111111
1991-11-26,1992-01-28,BQ1,mg_mgl,3.0455555555555556
1991-11-26,1992-01-28,BQ1,nh4_ugl,NA
1991-11-26,1992-01-28,BQ1,no3_ugl,188.375
1992-01-28,1992-03-31,BQ1,k_mgl,1.1520000000000001
1992-01-28,1992-03-31,BQ1,ca_mgl,5.376
1992-01-28,1992-03-31,BQ1,mg_mgl,3.128
1992-01-28,1992-03-31,BQ1,nh4_ugl,NA
1992-01-28,1992-03-31,BQ1,no3_ugl,151
1992-03-31,1992-06-02,BQ1,k_mgl,1.051111111111111
1992-03-31,1992-06-02,BQ1,ca_mgl,5.618888888888889
1992-03-31,1992-06-02,BQ1,mg_mgl,3.3244444444444445
1992-03-31,1992-06-02,BQ1,nh4_ugl,NA
1992-03-31,1992-06-02,BQ1,no3_ugl,63.125
1992-06-02,1992-08-04,BQ1,k_mgl,1.1566666666666667
1992-06-02,1992-08-04,BQ1,ca_mgl,4.7877777777777775
1992-06-02,1992-08-04,BQ1,mg_mgl,2.8633333333333333
1992-06-02,1992-08-04,BQ1,nh4_ugl,NA
1992-06-02,1992-08-04,BQ1,no3_ugl,58.25
1992-08-04,1992-10-06,BQ1,k_mgl,1.1144444444444446
1992-08-04,1992-10-06,BQ1,ca_mgl,5.694444444444445
1992-08-04,1992-10-06,BQ1,mg_mgl,3.236666666666667
1992-08-04,1992-10-06,BQ1,nh4_ugl,NA
1992-08-04,1992-10-06,BQ1,no3_ugl,102.66666666666666
1992-10-06,1992-12-08,BQ1,k_mgl,0.9877777777777778
1992-10-06,1992-12-08,BQ1,ca_mgl,5.384444444444444
1992-10-06,1992-12-08,BQ1,mg_mgl,3.002222222222222
1992-10-06,1992-12-08,BQ1,nh4_ugl,NA
1992-10-06,1992-12-08,BQ1,no3_ugl,76.28571428571429
1992-12-08,1993-02-09,BQ1,k_mgl,1.0822222222222222
1992-12-08,1993-02-09,BQ1,ca_mgl,4.845555555555555
1992-12-08,1993-02-09,BQ1,mg_mgl,2.897777777777778
1992-12-08,1993-02-09,BQ1,nh4_ugl,NA
1992-12-08,1993-02-09,BQ1,no3_ugl,20.5
1993-02-09,1993-04-13,BQ1,k_mgl,1.12
1993-02-09,1993-04-13,BQ1,ca_mgl,5.72
1993-02-09,1993-04-13,BQ1,mg_mgl,3.4466666666666668
1993-02-09,1993-04-13,BQ1,nh4_ugl,NA
1993-02-09,1993-04-13,BQ1,no3_ugl,125.33333333333333
1993-04-13,1993-06-15,BQ1,k_mgl,1.22
1993-04-13,1993-06-15,BQ1,ca_mgl,5.415555555555556
1993-04-13,1993-06-15,BQ1,mg_mgl,3.4755555555555557
1993-04-13,1993-06-15,BQ1,nh4_ugl,NA
1993-04-13,1993-06-15,BQ1,no3_ugl,69.11111111111111
1993-06-15,1993-08-17,BQ1,k_mgl,1.018888888888889
1993-06-15,1993-08-17,BQ1,ca_mgl,5.483333333333333
1993-06-15,1993-08-17,BQ1,mg_mgl,2.9566666666666666
1993-06-15,1993-08-17,BQ1,nh4_ugl,NA
1993-06-15,1993-08-17,BQ1,no3_ugl,39.2
1993-08-17,1993-10-19,BQ1,k_mgl,1.0933333333333333
1993-08-17,1993-10-19,BQ1,ca_mgl,5.704444444444444
1993-08-17,1993-10-19,BQ1,mg_mgl,3.281111111111111
1993-08-17,1993-10-19,BQ1,nh4_ugl,NA
1993-08-17,1993-10-19,BQ1,no3_ugl,43.111111111111114
1993-10-19,1993-12-21,BQ1,k_mgl,1.1277777777777778
1993-10-19,1993-12-21,BQ1,ca_mgl,5.831111111111111
1993-10-19,1993-12-21,BQ1,mg_mgl,3.2733333333333334
1993-10-19,1993-12-21,BQ1,nh4_ugl,NA
1993-10-19,1993-12-21,BQ1,no3_ugl,12.444444444444445
1993-12-21,1994-02-22,BQ1,k_mgl,1.0355555555555556
1993-12-21,1994-02-22,BQ1,ca_mgl,5.3133333333333335
1993-12-21,1994-02-22,BQ1,mg_mgl,2.8844444444444446
1993-12-21,1994-02-22,BQ1,nh4_ugl,NA
1993-12-21,1994-02-22,BQ1,no3_ugl,25.333333333333332
1994-02-22,1994-04-26,BQ1,k_mgl,1.0655555555555556
1994-02-22,1994-04-26,BQ1,ca_mgl,5.968888888888889
1994-02-22,1994-04-26,BQ1,mg_mgl,3.3433333333333333
1994-02-22,1994-04-26,BQ1,nh4_ugl,NA
1994-02-22,1994-04-26,BQ1,no3_ugl,86.75
1994-04-26,1994-06-28,BQ1,k_mgl,1.1566666666666667
1994-04-26,1994-06-28,BQ1,ca_mgl,6.6466666666666665
1994-04-26,1994-06-28,BQ1,mg_mgl,3.7
1994-04-26,1994-06-28,BQ1,nh4_ugl,NA
1994-04-26,1994-06-28,BQ1,no3_ugl,17.444444444444443
1994-06-28,1994-08-30,BQ1,k_mgl,1.143
1994-06-28,1994-08-30,BQ1,ca_mgl,6.196
1994-06-28,1994-08-30,BQ1,mg_mgl,3.505
1994-06-28,1994-08-30,BQ1,nh4_ugl,NA
1994-06-28,1994-08-30,BQ1,no3_ugl,94.75
1994-08-30,1994-11-01,BQ1,k_mgl,1.22
1994-08-30,1994-11-01,BQ1,ca_mgl,6.12
1994-08-30,1994-11-01,BQ1,mg_mgl,3.3455555555555554
1994-08-30,1994-11-01,BQ1,nh4_ugl,NA
1994-08-30,1994-11-01,BQ1,no3_ugl,NA
1994-11-01,1995-01-03,BQ1,k_mgl,1.0988888888888888
1994-11-01,1995-01-03,BQ1,ca_mgl,5.645555555555555
1994-11-01,1995-01-03,BQ1,mg_mgl,3.0444444444444443
1994-11-01,1995-01-03,BQ1,nh4_ugl,NA
1994-11-01,1995-01-03,BQ1,no3_ugl,109
1995-01-03,1995-03-07,BQ1,k_mgl,1.235
1995-01-03,1995-03-07,BQ1,ca_mgl,6.26375
1995-01-03,1995-03-07,BQ1,mg_mgl,3.67375
1995-01-03,1995-03-07,BQ1,nh4_ugl,NA
1995-01-03,1995-03-07,BQ1,no3_ugl,NA
1995-03-07,1995-05-09,BQ1,k_mgl,0.9642857142857143
1995-03-07,1995-05-09,BQ1,ca_mgl,5.615714285714286
1995-03-07,1995-05-09,BQ1,mg_mgl,3.182857142857143
1995-03-07,1995-05-09,BQ1,nh4_ugl,NA
1995-03-07,1995-05-09,BQ1,no3_ugl,NA
1995-05-09,1995-07-11,BQ1,k_mgl,1.3125
1995-05-09,1995-07-11,BQ1,ca_mgl,5.79
1995-05-09,1995-07-11,BQ1,mg_mgl,3.3425000000000002
1995-05-09,1995-07-11,BQ1,nh4_ugl,NA
1995-05-09,1995-07-11,BQ1,no3_ugl,NA
1995-07-11,1995-09-12,BQ1,k_mgl,0.9066666666666666
1995-07-11,1995-09-12,BQ1,ca_mgl,5.82
1995-07-11,1995-09-12,BQ1,mg_mgl,3.27
1995-07-11,1995-09-12,BQ1,nh4_ugl,NA
1995-07-11,1995-09-12,BQ1,no3_ugl,NA
1995-09-12,1995-11-14,BQ1,k_mgl,NA
1995-09-12,1995-11-14,BQ1,ca_mgl,NA
1995-09-12,1995-11-14,BQ1,mg_mgl,NA
1995-09-12,1995-11-14,BQ1,nh4_ugl,NA
1995-09-12,1995-11-14,BQ1,no3_ugl,NA
1995-11-14,1996-01-16,BQ1,k_mgl,1.06
1995-11-14,1996-01-16,BQ1,ca_mgl,4.958
1995-11-14,1996-01-16,BQ1,mg_mgl,2.764
1995-11-14,1996-01-16,BQ1,nh4_ugl,NA
1995-11-14,1996-01-16,BQ1,no3_ugl,NA
1996-01-16,1996-03-19,BQ1,k_mgl,1.0822222222222222
1996-01-16,1996-03-19,BQ1,ca_mgl,5.49
1996-01-16,1996-03-19,BQ1,mg_mgl,3.1866666666666665
1996-01-16,1996-03-19,BQ1,nh4_ugl,NA
1996-01-16,1996-03-19,BQ1,no3_ugl,NA
1996-03-19,1996-05-21,BQ1,k_mgl,1.1522222222222223
1996-03-19,1996-05-21,BQ1,ca_mgl,5.72
1996-03-19,1996-05-21,BQ1,mg_mgl,3.41
1996-03-19,1996-05-21,BQ1,nh4_ugl,NA
1996-03-19,1996-05-21,BQ1,no3_ugl,NA
1996-05-21,1996-07-23,BQ1,k_mgl,1.1422222222222222
1996-05-21,1996-07-23,BQ1,ca_mgl,5.595555555555555
1996-05-21,1996-07-23,BQ1,mg_mgl,3.2244444444444444
1996-05-21,1996-07-23,BQ1,nh4_ugl,NA
1996-05-21,1996-07-23,BQ1,no3_ugl,NA
1996-07-23,1996-09-24,BQ1,k_mgl,1.208888888888889
1996-07-23,1996-09-24,BQ1,ca_mgl,6.101111111111111
1996-07-23,1996-09-24,BQ1,mg_mgl,3.6144444444444446
1996-07-23,1996-09-24,BQ1,nh4_ugl,NA
1996-07-23,1996-09-24,BQ1,no3_ugl,47
1996-09-24,1996-11-26,BQ1,k_mgl,1.055
1996-09-24,1996-11-26,BQ1,ca_mgl,5.251250000000001
1996-09-24,1996-11-26,BQ1,mg_mgl,2.98875
1996-09-24,1996-11-26,BQ1,nh4_ugl,NA
1996-09-24,1996-11-26,BQ1,no3_ugl,204.33333333333334
1996-11-26,1997-01-28,BQ1,k_mgl,1.2714285714285714
1996-11-26,1997-01-28,BQ1,ca_mgl,5.635714285714285
1996-11-26,1997-01-28,BQ1,mg_mgl,3.1742857142857144
1996-11-26,1997-01-28,BQ1,nh4_ugl,NA
1996-11-26,1997-01-28,BQ1,no3_ugl,218.57142857142858
1997-01-28,1997-04-01,BQ1,k_mgl,1.01
1997-01-28,1997-04-01,BQ1,ca_mgl,5.078888888888889
1997-01-28,1997-04-01,BQ1,mg_mgl,2.9033333333333333
1997-01-28,1997-04-01,BQ1,nh4_ugl,NA
1997-01-28,1997-04-01,BQ1,no3_ugl,208.77777777777777
1997-04-01,1997-06-03,BQ1,k_mgl,1.1355555555555557
1997-04-01,1997-06-03,BQ1,ca_mgl,5.774444444444445
1997-04-01,1997-06-03,BQ1,mg_mgl,3.1577777777777776
1997-04-01,1997-06-03,BQ1,nh4_ugl,NA
1997-04-01,1997-06-03,BQ1,no3_ugl,191.71428571428572
1997-06-03,1997-08-05,BQ1,k_mgl,0.9544444444444444
1997-06-03,1997-08-05,BQ1,ca_mgl,5.2844444444444445
1997-06-03,1997-08-05,BQ1,mg_mgl,2.9388888888888887
1997-06-03,1997-08-05,BQ1,nh4_ugl,NA
1997-06-03,1997-08-05,BQ1,no3_ugl,174.375
1997-08-05,1997-10-07,BQ1,k_mgl,0.8622222222222222
1997-08-05,1997-10-07,BQ1,ca_mgl,5.723333333333333
1997-08-05,1997-10-07,BQ1,mg_mgl,3.0522222222222224
1997-08-05,1997-10-07,BQ1,nh4_ugl,NA
1997-08-05,1997-10-07,BQ1,no3_ugl,118.5
1997-10-07,1997-12-09,BQ1,k_mgl,1.07375
1997-10-07,1997-12-09,BQ1,ca_mgl,4.40375
1997-10-07,1997-12-09,BQ1,mg_mgl,2.5675
1997-10-07,1997-12-09,BQ1,nh4_ugl,NA
1997-10-07,1997-12-09,BQ1,no3_ugl,119.625
1997-12-09,1998-02-10,BQ1,k_mgl,0.7342857142857143
1997-12-09,1998-02-10,BQ1,ca_mgl,4.19625
1997-12-09,1998-02-10,BQ1,mg_mgl,2.0275
1997-12-09,1998-02-10,BQ1,nh4_ugl,23
1997-12-09,1998-02-10,BQ1,no3_ugl,119.42857142857143
1998-02-10,1998-04-14,BQ1,k_mgl,1.251111111111111
1998-02-10,1998-04-14,BQ1,ca_mgl,4.17
1998-02-10,1998-04-14,BQ1,mg_mgl,2.56
1998-02-10,1998-04-14,BQ1,nh4_ugl,14.833333333333334
1998-02-10,1998-04-14,BQ1,no3_ugl,96.11111111111111
1998-04-14,1998-06-16,BQ1,k_mgl,0.8728571428571429
1998-04-14,1998-06-16,BQ1,ca_mgl,4.22
1998-04-14,1998-06-16,BQ1,mg_mgl,2.2175
1998-04-14,1998-06-16,BQ1,nh4_ugl,25
1998-04-14,1998-06-16,BQ1,no3_ugl,77.66666666666667
1998-06-16,1998-08-18,BQ1,k_mgl,1.252857142857143
1998-06-16,1998-08-18,BQ1,ca_mgl,4.777777777777778
1998-06-16,1998-08-18,BQ1,mg_mgl,2.8966666666666665
1998-06-16,1998-08-18,BQ1,nh4_ugl,23.75
1998-06-16,1998-08-18,BQ1,no3_ugl,104.66666666666666
1998-08-18,1998-10-20,BQ1,k_mgl,1.0613333333333332
1998-08-18,1998-10-20,BQ1,ca_mgl,4.69
1998-08-18,1998-10-20,BQ1,mg_mgl,2.473333333333333
1998-08-18,1998-10-20,BQ1,nh4_ugl,8.285714285714286
1998-08-18,1998-10-20,BQ1,no3_ugl,160
1998-10-20,1998-12-22,BQ1,k_mgl,1.1188888888888888
1998-10-20,1998-12-22,BQ1,ca_mgl,4.731111111111111
1998-10-20,1998-12-22,BQ1,mg_mgl,2.4522222222222223
1998-10-20,1998-12-22,BQ1,nh4_ugl,10
1998-10-20,1998-12-22,BQ1,no3_ugl,228
1998-12-22,1999-02-23,BQ1,k_mgl,1.0966666666666667
1998-12-22,1999-02-23,BQ1,ca_mgl,4.88
1998-12-22,1999-02-23,BQ1,mg_mgl,2.8377777777777777
1998-12-22,1999-02-23,BQ1,nh4_ugl,13.666666666666668
1998-12-22,1999-02-23,BQ1,no3_ugl,222.11111111111111
1999-02-23,1999-04-27,BQ1,k_mgl,1.0455555555555556
1999-02-23,1999-04-27,BQ1,ca_mgl,5.883333333333334
1999-02-23,1999-04-27,BQ1,mg_mgl,3.1533333333333333
1999-02-23,1999-04-27,BQ1,nh4_ugl,18.4
1999-02-23,1999-04-27,BQ1,no3_ugl,261.8888888888889
1999-04-27,1999-06-29,BQ1,k_mgl,1.0325
1999-04-27,1999-06-29,BQ1,ca_mgl,5.094444444444444
1999-04-27,1999-06-29,BQ1,mg_mgl,2.93
1999-04-27,1999-06-29,BQ1,nh4_ugl,9
1999-04-27,1999-06-29,BQ1,no3_ugl,165.66666666666666
1999-06-29,1999-08-31,BQ1,k_mgl,1.028888888888889
1999-06-29,1999-08-31,BQ1,ca_mgl,4.562222222222222
1999-06-29,1999-08-31,BQ1,mg_mgl,2.8088888888888888
1999-06-29,1999-08-31,BQ1,nh4_ugl,10
1999-06-29,1999-08-31,BQ1,no3_ugl,169.22222222222223
1999-08-31,1999-11-02,BQ1,k_mgl,0.99625
1999-08-31,1999-11-02,BQ1,ca_mgl,4.452222222222222
1999-08-31,1999-11-02,BQ1,mg_mgl,2.6755555555555555
1999-08-31,1999-11-02,BQ1,nh4_ugl,13.6
1999-08-31,1999-11-02,BQ1,no3_ugl,158.55555555555554
1999-11-02,2000-01-04,BQ1,k_mgl,0.9877777777777778
1999-11-02,2000-01-04,BQ1,ca_mgl,4.286666666666667
1999-11-02,2000-01-04,BQ1,mg_mgl,2.756666666666667
1999-11-02,2000-01-04,BQ1,nh4_ugl,12.4
1999-11-02,2000-01-04,BQ1,no3_ugl,199.22222222222223
2000-01-04,2000-03-07,BQ1,k_mgl,0.8988888888888888
2000-01-04,2000-03-07,BQ1,ca_mgl,5.113333333333333
2000-01-04,2000-03-07,BQ1,mg_mgl,2.9544444444444444
2000-01-04,2000-03-07,BQ1,nh4_ugl,7.75
2000-01-04,2000-03-07,BQ1,no3_ugl,220.11111111111111
2000-03-07,2000-05-09,BQ1,k_mgl,0.8733333333333333
2000-03-07,2000-05-09,BQ1,ca_mgl,6.064444444444445
2000-03-07,2000-05-09,BQ1,mg_mgl,3.34
2000-03-07,2000-05-09,BQ1,nh4_ugl,NA
2000-03-07,2000-05-09,BQ1,no3_ugl,215.55555555555554
2000-05-09,2000-07-11,BQ1,k_mgl,0.8922222222222222
2000-05-09,2000-07-11,BQ1,ca_mgl,4.9622222222222225
2000-05-09,2000-07-11,BQ1,mg_mgl,2.9611111111111112
2000-05-09,2000-07-11,BQ1,nh4_ugl,11
2000-05-09,2000-07-11,BQ1,no3_ugl,171.55555555555554
2000-07-11,2000-09-12,BQ1,k_mgl,0.8344444444444444
2000-07-11,2000-09-12,BQ1,ca_mgl,6.1
2000-07-11,2000-09-12,BQ1,mg_mgl,3.25
2000-07-11,2000-09-12,BQ1,nh4_ugl,10.8
2000-07-11,2000-09-12,BQ1,no3_ugl,176.77777777777777
2000-09-12,2000-11-14,BQ1,k_mgl,0.9577777777777777
2000-09-12,2000-11-14,BQ1,ca_mgl,4.733333333333333
2000-09-12,2000-11-14,BQ1,mg_mgl,2.792222222222222
2000-09-12,2000-11-14,BQ1,nh4_ugl,9.4
2000-09-12,2000-11-14,BQ1,no3_ugl,161
2000-11-14,2001-01-16,BQ1,k_mgl,0.9922222222222222
2000-11-14,2001-01-16,BQ1,ca_mgl,5.567777777777778
2000-11-14,2001-01-16,BQ1,mg_mgl,3.292222222222222
2000-11-14,2001-01-16,BQ1,nh4_ugl,10.166666666666666
2000-11-14,2001-01-16,BQ1,no3_ugl,190.22222222222223
2001-01-16,2001-03-20,BQ1,k_mgl,0.8877777777777778
2001-01-16,2001-03-20,BQ1,ca_mgl,5.704444444444444
2001-01-16,2001-03-20,BQ1,mg_mgl,3.2944444444444443
2001-01-16,2001-03-20,BQ1,nh4_ugl,9.166666666666666
2001-01-16,2001-03-20,BQ1,no3_ugl,178.88888888888889
2001-03-20,2001-05-22,BQ1,k_mgl,1.0322222222222222
2001-03-20,2001-05-22,BQ1,ca_mgl,5.986666666666666
2001-03-20,2001-05-22,BQ1,mg_mgl,3.21
2001-03-20,2001-05-22,BQ1,nh4_ugl,7.2
2001-03-20,2001-05-22,BQ1,no3_ugl,152.66666666666666
2001-05-22,2001-07-24,BQ1,k_mgl,0.93
2001-05-22,2001-07-24,BQ1,ca_mgl,5.683333333333334
2001-05-22,2001-07-24,BQ1,mg_mgl,3.071111111111111
2001-05-22,2001-07-24,BQ1,nh4_ugl,9
2001-05-22,2001-07-24,BQ1,no3_ugl,146.22222222222223
2001-07-24,2001-09-25,BQ1,k_mgl,1.0022222222222221
2001-07-24,2001-09-25,BQ1,ca_mgl,6.368888888888889
2001-07-24,2001-09-25,BQ1,mg_mgl,3.3677777777777775
2001-07-24,2001-09-25,BQ1,nh4_ugl,8.75
2001-07-24,2001-09-25,BQ1,no3_ugl,150.22222222222223
2001-09-25,2001-11-27,BQ1,k_mgl,1.0633333333333332
2001-09-25,2001-11-27,BQ1,ca_mgl,5.597777777777778
2001-09-25,2001-11-27,BQ1,mg_mgl,2.9966666666666666
2001-09-25,2001-11-27,BQ1,nh4_ugl,13.5
2001-09-25,2001-11-27,BQ1,no3_ugl,190.66666666666666
2001-11-27,2002-01-29,BQ1,k_mgl,1.0622222222222222
2001-11-27,2002-01-29,BQ1,ca_mgl,5.321111111111111
2001-11-27,2002-01-29,BQ1,mg_mgl,3.1122222222222224
2001-11-27,2002-01-29,BQ1,nh4_ugl,18.714285714285715
2001-11-27,2002-01-29,BQ1,no3_ugl,193.33333333333334
2002-01-29,2002-04-02,BQ1,k_mgl,0.98
2002-01-29,2002-04-02,BQ1,ca_mgl,5.8975
2002-01-29,2002-04-02,BQ1,mg_mgl,3.25375
2002-01-29,2002-04-02,BQ1,nh4_ugl,13
2002-01-29,2002-04-02,BQ1,no3_ugl,193
2002-04-02,2002-06-04,BQ1,k_mgl,1.0166666666666666
2002-04-02,2002-06-04,BQ1,ca_mgl,4.726666666666667
2002-04-02,2002-06-04,BQ1,mg_mgl,2.727777777777778
2002-04-02,2002-06-04,BQ1,nh4_ugl,12.555555555555555
2002-04-02,2002-06-04,BQ1,no3_ugl,134.75
2002-06-04,2002-08-06,BQ1,k_mgl,0.93
2002-06-04,2002-08-06,BQ1,ca_mgl,5.492222222222222
2002-06-04,2002-08-06,BQ1,mg_mgl,3.2544444444444447
2002-06-04,2002-08-06,BQ1,nh4_ugl,16.77777777777778
2002-06-04,2002-08-06,BQ1,no3_ugl,149.22222222222223
2002-08-06,2002-10-08,BQ1,k_mgl,0.8777777777777778
2002-08-06,2002-10-08,BQ1,ca_mgl,6.198888888888889
2002-08-06,2002-10-08,BQ1,mg_mgl,3.3422222222222224
2002-08-06,2002-10-08,BQ1,nh4_ugl,15.875
2002-08-06,2002-10-08,BQ1,no3_ugl,168
2002-10-08,2002-12-10,BQ1,k_mgl,0.8788888888888888
2002-10-08,2002-12-10,BQ1,ca_mgl,5.633333333333333
2002-10-08,2002-12-10,BQ1,mg_mgl,2.917777777777778
2002-10-08,2002-12-10,BQ1,nh4_ugl,17.11111111111111
2002-10-08,2002-12-10,BQ1,no3_ugl,148.77777777777777
2002-12-10,2003-02-11,BQ1,k_mgl,0.8444444444444444
2002-12-10,2003-02-11,BQ1,ca_mgl,5.992222222222222
2002-12-10,2003-02-11,BQ1,mg_mgl,2.6455555555555557
2002-12-10,2003-02-11,BQ1,nh4_ugl,17
2002-12-10,2003-02-11,BQ1,no3_ugl,168.22222222222223
2003-02-11,2003-04-15,BQ1,k_mgl,0.8644444444444445
2003-02-11,2003-04-15,BQ1,ca_mgl,6.868888888888889
2003-02-11,2003-04-15,BQ1,mg_mgl,3.4811111111111113
2003-02-11,2003-04-15,BQ1,nh4_ugl,11.777777777777779
2003-02-11,2003-04-15,BQ1,no3_ugl,156.11111111111111
2003-04-15,2003-06-17,BQ1,k_mgl,0.8744444444444445
2003-04-15,2003-06-17,BQ1,ca_mgl,4.404444444444445
2003-04-15,2003-06-17,BQ1,mg_mgl,2.6122222222222224
2003-04-15,2003-06-17,BQ1,nh4_ugl,13.375
2003-04-15,2003-06-17,BQ1,no3_ugl,152.55555555555554
2003-06-17,2003-08-19,BQ1,k_mgl,0.9688888888888889
2003-06-17,2003-08-19,BQ1,ca_mgl,5.041111111111111
2003-06-17,2003-08-19,BQ1,mg_mgl,3.1855555555555557
2003-06-17,2003-08-19,BQ1,nh4_ugl,11.285714285714286
2003-06-17,2003-08-19,BQ1,no3_ugl,163.66666666666666
2003-08-19,2003-10-21,BQ1,k_mgl,1.018888888888889
2003-08-19,2003-10-21,BQ1,ca_mgl,4.685555555555555
2003-08-19,2003-10-21,BQ1,mg_mgl,2.411111111111111
2003-08-19,2003-10-21,BQ1,nh4_ugl,20.5
2003-08-19,2003-10-21,BQ1,no3_ugl,151.66666666666666
2003-10-21,2003-12-23,BQ1,k_mgl,1.02
2003-10-21,2003-12-23,BQ1,ca_mgl,5.097777777777778
2003-10-21,2003-12-23,BQ1,mg_mgl,2.901111111111111
2003-10-21,2003-12-23,BQ1,nh4_ugl,14.2
2003-10-21,2003-12-23,BQ1,no3_ugl,168
2003-12-23,2004-02-24,BQ1,k_mgl,0.8822222222222222
2003-12-23,2004-02-24,BQ1,ca_mgl,4.656666666666666
2003-12-23,2004-02-24,BQ1,mg_mgl,2.7600000000000002
2003-12-23,2004-02-24,BQ1,nh4_ugl,20.428571428571427
2003-12-23,2004-02-24,BQ1,no3_ugl,177.75
2004-02-24,2004-04-27,BQ1,k_mgl,0.9577777777777778
2004-02-24,2004-04-27,BQ1,ca_mgl,5.204444444444444
2004-02-24,2004-04-27,BQ1,mg_mgl,2.9233333333333333
2004-02-24,2004-04-27,BQ1,nh4_ugl,8.833333333333334
2004-02-24,2004-04-27,BQ1,no3_ugl,129.44444444444446
2004-04-27,2004-06-29,BQ1,k_mgl,0.9944444444444445
2004-04-27,2004-06-29,BQ1,ca_mgl,4.5088888888888885
2004-04-27,2004-06-29,BQ1,mg_mgl,2.3955555555555557
2004-04-27,2004-06-29,BQ1,nh4_ugl,8
2004-04-27,2004-06-29,BQ1,no3_ugl,139.11111111111111
2004-06-29,2004-08-31,BQ1,k_mgl,1.1022222222222222
2004-06-29,2004-08-31,BQ1,ca_mgl,6.461111111111111
2004-06-29,2004-08-31,BQ1,mg_mgl,3.4555555555555557
2004-06-29,2004-08-31,BQ1,nh4_ugl,14.4
2004-06-29,2004-08-31,BQ1,no3_ugl,124.71428571428571
2004-08-31,2004-11-02,BQ1,k_mgl,0.9288888888888889
2004-08-31,2004-11-02,BQ1,ca_mgl,5.762222222222222
2004-08-31,2004-11-02,BQ1,mg_mgl,2.8233333333333333
2004-08-31,2004-11-02,BQ1,nh4_ugl,15
2004-08-31,2004-11-02,BQ1,no3_ugl,158.28571428571428
2004-11-02,2005-01-04,BQ1,k_mgl,1.0566666666666666
2004-11-02,2005-01-04,BQ1,ca_mgl,5.052222222222222
2004-11-02,2005-01-04,BQ1,mg_mgl,2.537777777777778
2004-11-02,2005-01-04,BQ1,nh4_ugl,15.5
2004-11-02,2005-01-04,BQ1,no3_ugl,105.66666666666666
2005-01-04,2005-03-08,BQ1,k_mgl,0.7988888888888889
2005-01-04,2005-03-08,BQ1,ca_mgl,5.5
2005-01-04,2005-03-08,BQ1,mg_mgl,3.0855555555555556
2005-01-04,2005-03-08,BQ1,nh4_ugl,12
2005-01-04,2005-03-08,BQ1,no3_ugl,175.77777777777777
2005-03-08,2005-05-10,BQ1,k_mgl,0.8811111111111111
2005-03-08,2005-05-10,BQ1,ca_mgl,5.848888888888889
2005-03-08,2005-05-10,BQ1,mg_mgl,3.278888888888889
2005-03-08,2005-05-10,BQ1,nh4_ugl,19.333333333333332
2005-03-08,2005-05-10,BQ1,no3_ugl,180.66666666666666
2005-05-10,2005-07-12,BQ1,k_mgl,1.041111111111111
2005-05-10,2005-07-12,BQ1,ca_mgl,5.013333333333334
2005-05-10,2005-07-12,BQ1,mg_mgl,2.7311111111111113
2005-05-10,2005-07-12,BQ1,nh4_ugl,14.5
2005-05-10,2005-07-12,BQ1,no3_ugl,123.66666666666667
2005-07-12,2005-09-13,BQ1,k_mgl,0.7844444444444445
2005-07-12,2005-09-13,BQ1,ca_mgl,5.741111111111111
2005-07-12,2005-09-13,BQ1,mg_mgl,3.0944444444444446
2005-07-12,2005-09-13,BQ1,nh4_ugl,10
2005-07-12,2005-09-13,BQ1,no3_ugl,141.375
2005-09-13,2005-11-15,BQ1,k_mgl,0.8633333333333333
2005-09-13,2005-11-15,BQ1,ca_mgl,4.974444444444445
2005-09-13,2005-11-15,BQ1,mg_mgl,2.756666666666667
2005-09-13,2005-11-15,BQ1,nh4_ugl,12.75
2005-09-13,2005-11-15,BQ1,no3_ugl,149.77777777777777
2005-11-15,2006-01-17,BQ1,k_mgl,0.79
2005-11-15,2006-01-17,BQ1,ca_mgl,5.291111111111111
2005-11-15,2006-01-17,BQ1,mg_mgl,2.9844444444444442
2005-11-15,2006-01-17,BQ1,nh4_ugl,7.666666666666667
2005-11-15,2006-01-17,BQ1,no3_ugl,156.44444444444446
2006-01-17,2006-03-21,BQ1,k_mgl,0.8144444444444444
2006-01-17,2006-03-21,BQ1,ca_mgl,5.355555555555555
2006-01-17,2006-03-21,BQ1,mg_mgl,2.8644444444444446
2006-01-17,2006-03-21,BQ1,nh4_ugl,6.5
2006-01-17,2006-03-21,BQ1,no3_ugl,166.22222222222223
2006-03-21,2006-05-23,BQ1,k_mgl,0.8355555555555555
2006-03-21,2006-05-23,BQ1,ca_mgl,5.863333333333333
2006-03-21,2006-05-23,BQ1,mg_mgl,3.151111111111111
2006-03-21,2006-05-23,BQ1,nh4_ugl,NA
2006-03-21,2006-05-23,BQ1,no3_ugl,151.22222222222223
2006-05-23,2006-07-25,BQ1,k_mgl,0.8233333333333334
2006-05-23,2006-07-25,BQ1,ca_mgl,5.79125
2006-05-23,2006-07-25,BQ1,mg_mgl,2.838888888888889
2006-05-23,2006-07-25,BQ1,nh4_ugl,15.5
2006-05-23,2006-07-25,BQ1,no3_ugl,170.75
2006-07-25,2006-09-26,BQ1,k_mgl,0.9044444444444445
2006-07-25,2006-09-26,BQ1,ca_mgl,6.322222222222222
2006-07-25,2006-09-26,BQ1,mg_mgl,3.2577777777777777
2006-07-25,2006-09-26,BQ1,nh4_ugl,9.333333333333334
2006-07-25,2006-09-26,BQ1,no3_ugl,155.375
2006-09-26,2006-11-28,BQ1,k_mgl,0.9322222222222223
2006-09-26,2006-11-28,BQ1,ca_mgl,5.557777777777778
2006-09-26,2006-11-28,BQ1,mg_mgl,2.87
2006-09-26,2006-11-28,BQ1,nh4_ugl,7
2006-09-26,2006-11-28,BQ1,no3_ugl,136.11111111111111
2006-11-28,2007-01-30,BQ1,k_mgl,0.9011111111111111
2006-11-28,2007-01-30,BQ1,ca_mgl,6.066666666666666
2006-11-28,2007-01-30,BQ1,mg_mgl,3.1133333333333333
2006-11-28,2007-01-30,BQ1,nh4_ugl,6.5
2006-11-28,2007-01-30,BQ1,no3_ugl,177.44444444444446
2007-01-30,2007-04-03,BQ1,k_mgl,0.8922222222222222
2007-01-30,2007-04-03,BQ1,ca_mgl,5.982222222222222
2007-01-30,2007-04-03,BQ1,mg_mgl,3.4644444444444447
2007-01-30,2007-04-03,BQ1,nh4_ugl,8.666666666666666
2007-01-30,2007-04-03,BQ1,no3_ugl,154
2007-04-03,2007-06-05,BQ1,k_mgl,0.85
2007-04-03,2007-06-05,BQ1,ca_mgl,5.17
2007-04-03,2007-06-05,BQ1,mg_mgl,3.013333333333333
2007-04-03,2007-06-05,BQ1,nh4_ugl,7.125
2007-04-03,2007-06-05,BQ1,no3_ugl,113.77777777777777
2007-06-05,2007-08-07,BQ1,k_mgl,0.8744444444444445
2007-06-05,2007-08-07,BQ1,ca_mgl,6.301111111111111
2007-06-05,2007-08-07,BQ1,mg_mgl,3.51
2007-06-05,2007-08-07,BQ1,nh4_ugl,9.333333333333334
2007-06-05,2007-08-07,BQ1,no3_ugl,147.33333333333334
2007-08-07,2007-10-09,BQ1,k_mgl,0.8588888888888889
2007-08-07,2007-10-09,BQ1,ca_mgl,6.03
2007-08-07,2007-10-09,BQ1,mg_mgl,3.198888888888889
2007-08-07,2007-10-09,BQ1,nh4_ugl,12.285714285714286
2007-08-07,2007-10-09,BQ1,no3_ugl,129.55555555555554
2007-10-09,2007-12-11,BQ1,k_mgl,0.8544444444444445
2007-10-09,2007-12-11,BQ1,ca_mgl,5.526666666666666
2007-10-09,2007-12-11,BQ1,mg_mgl,3.152222222222222
2007-10-09,2007-12-11,BQ1,nh4_ugl,9.4
2007-10-09,2007-12-11,BQ1,no3_ugl,180.55555555555554
2007-12-11,2008-02-12,BQ1,k_mgl,0.8775000000000001
2007-12-11,2008-02-12,BQ1,ca_mgl,6.0475
2007-12-11,2008-02-12,BQ1,mg_mgl,3.07
2007-12-11,2008-02-12,BQ1,nh4_ugl,8.75
2007-12-11,2008-02-12,BQ1,no3_ugl,132.625
2008-02-12,2008-04-15,BQ1,k_mgl,0.8788888888888889
2008-02-12,2008-04-15,BQ1,ca_mgl,6.448888888888889
2008-02-12,2008-04-15,BQ1,mg_mgl,3.5977777777777775
2008-02-12,2008-04-15,BQ1,nh4_ugl,28
2008-02-12,2008-04-15,BQ1,no3_ugl,159
2008-04-15,2008-06-17,BQ1,k_mgl,0.9055555555555556
2008-04-15,2008-06-17,BQ1,ca_mgl,6.5344444444444445
2008-04-15,2008-06-17,BQ1,mg_mgl,3.4322222222222223
2008-04-15,2008-06-17,BQ1,nh4_ugl,NA
2008-04-15,2008-06-17,BQ1,no3_ugl,136.77777777777777
2008-06-17,2008-08-19,BQ1,k_mgl,0.77
2008-06-17,2008-08-19,BQ1,ca_mgl,6.0562499999999995
2008-06-17,2008-08-19,BQ1,mg_mgl,3.555
2008-06-17,2008-08-19,BQ1,nh4_ugl,14.5
2008-06-17,2008-08-19,BQ1,no3_ugl,149.875
2008-08-19,2008-10-21,BQ1,k_mgl,0.8522222222222222
2008-08-19,2008-10-21,BQ1,ca_mgl,5.195555555555556
2008-08-19,2008-10-21,BQ1,mg_mgl,3.2777777777777777
2008-08-19,2008-10-21,BQ1,nh4_ugl,10.4
2008-08-19,2008-10-21,BQ1,no3_ugl,146.33333333333334
2008-10-21,2008-12-23,BQ1,k_mgl,0.7266666666666667
2008-10-21,2008-12-23,BQ1,ca_mgl,5.166666666666667
2008-10-21,2008-12-23,BQ1,mg_mgl,3.5122222222222224
2008-10-21,2008-12-23,BQ1,nh4_ugl,8
2008-10-21,2008-12-23,BQ1,no3_ugl,159.5
2008-12-23,2009-02-24,BQ1,k_mgl,0.8555555555555555
2008-12-23,2009-02-24,BQ1,ca_mgl,6.452222222222222
2008-12-23,2009-02-24,BQ1,mg_mgl,3.531111111111111
2008-12-23,2009-02-24,BQ1,nh4_ugl,15
2008-12-23,2009-02-24,BQ1,no3_ugl,161.11111111111111
2009-02-24,2009-04-28,BQ1,k_mgl,0.9
2009-02-24,2009-04-28,BQ1,ca_mgl,7.38625
2009-02-24,2009-04-28,BQ1,mg_mgl,3.8175
2009-02-24,2009-04-28,BQ1,nh4_ugl,NA
2009-02-24,2009-04-28,BQ1,no3_ugl,165
2009-04-28,2009-06-30,BQ1,k_mgl,0.9877777777777778
2009-04-28,2009-06-30,BQ1,ca_mgl,5.553333333333334
2009-04-28,2009-06-30,BQ1,mg_mgl,3.0844444444444443
2009-04-28,2009-06-30,BQ1,nh4_ugl,6.333333333333333
2009-04-28,2009-06-30,BQ1,no3_ugl,141.11111111111111
2009-06-30,2009-09-01,BQ1,k_mgl,0.9588888888888889
2009-06-30,2009-09-01,BQ1,ca_mgl,5.467777777777778
2009-06-30,2009-09-01,BQ1,mg_mgl,3.212222222222222
2009-06-30,2009-09-01,BQ1,nh4_ugl,8.714285714285714
2009-06-30,2009-09-01,BQ1,no3_ugl,133
2009-09-01,2009-11-03,BQ1,k_mgl,0.9550000000000001
2009-09-01,2009-11-03,BQ1,ca_mgl,6.1175
2009-09-01,2009-11-03,BQ1,mg_mgl,3.1075
2009-09-01,2009-11-03,BQ1,nh4_ugl,15
2009-09-01,2009-11-03,BQ1,no3_ugl,108.875
2009-11-03,2010-01-05,BQ1,k_mgl,0.8833333333333333
2009-11-03,2010-01-05,BQ1,ca_mgl,5.405555555555556
2009-11-03,2010-01-05,BQ1,mg_mgl,2.741111111111111
2009-11-03,2010-01-05,BQ1,nh4_ugl,13.4
2009-11-03,2010-01-05,BQ1,no3_ugl,108.22222222222223
2010-01-05,2010-03-09,BQ1,k_mgl,0.79
2010-01-05,2010-03-09,BQ1,ca_mgl,5.826666666666667
2010-01-05,2010-03-09,BQ1,mg_mgl,2.8788888888888886
2010-01-05,2010-03-09,BQ1,nh4_ugl,20.5
2010-01-05,2010-03-09,BQ1,no3_ugl,142.22222222222223
2010-03-09,2010-05-11,BQ1,k_mgl,0.8811111111111111
2010-03-09,2010-05-11,BQ1,ca_mgl,4.5287500000000005
2010-03-09,2010-05-11,BQ1,mg_mgl,2.148888888888889
2010-03-09,2010-05-11,BQ1,nh4_ugl,24
2010-03-09,2010-05-11,BQ1,no3_ugl,113.22222222222223
2010-05-11,2010-07-13,BQ1,k_mgl,0.8425
2010-05-11,2010-07-13,BQ1,ca_mgl,4.7725
2010-05-11,2010-07-13,BQ1,mg_mgl,2.6725
2010-05-11,2010-07-13,BQ1,nh4_ugl,13.571428571428571
2010-05-11,2010-07-13,BQ1,no3_ugl,123.5
2010-07-13,2010-09-14,BQ1,k_mgl,1.02
2010-07-13,2010-09-14,BQ1,ca_mgl,4.74375
2010-07-13,2010-09-14,BQ1,mg_mgl,2.70125
2010-07-13,2010-09-14,BQ1,nh4_ugl,20.75
2010-07-13,2010-09-14,BQ1,no3_ugl,143
2010-09-14,2010-11-16,BQ1,k_mgl,0.9977777777777778
2010-09-14,2010-11-16,BQ1,ca_mgl,5.977777777777778
2010-09-14,2010-11-16,BQ1,mg_mgl,3.1533333333333333
2010-09-14,2010-11-16,BQ1,nh4_ugl,7.75
2010-09-14,2010-11-16,BQ1,no3_ugl,171.11111111111111
2010-11-16,2011-01-18,BQ1,k_mgl,1.0911111111111111
2010-11-16,2011-01-18,BQ1,ca_mgl,5.233333333333333
2010-11-16,2011-01-18,BQ1,mg_mgl,2.9188888888888886
2010-11-16,2011-01-18,BQ1,nh4_ugl,13.666666666666666
2010-11-16,2011-01-18,BQ1,no3_ugl,151.375
2011-01-18,2011-03-22,BQ1,k_mgl,0.8422222222222222
2011-01-18,2011-03-22,BQ1,ca_mgl,6.438888888888889
2011-01-18,2011-03-22,BQ1,mg_mgl,3.1888888888888887
2011-01-18,2011-03-22,BQ1,nh4_ugl,5
2011-01-18,2011-03-22,BQ1,no3_ugl,143.42857142857142
2011-03-22,2011-05-24,BQ1,k_mgl,0.83
2011-03-22,2011-05-24,BQ1,ca_mgl,5.9655555555555555
2011-03-22,2011-05-24,BQ1,mg_mgl,2.9833333333333334
2011-03-22,2011-05-24,BQ1,nh4_ugl,12
2011-03-22,2011-05-24,BQ1,no3_ugl,93.16666666666667
2011-05-24,2011-07-26,BQ1,k_mgl,0.8655555555555555
2011-05-24,2011-07-26,BQ1,ca_mgl,5.861111111111111
2011-05-24,2011-07-26,BQ1,mg_mgl,2.6044444444444443
2011-05-24,2011-07-26,BQ1,nh4_ugl,7
2011-05-24,2011-07-26,BQ1,no3_ugl,140.66666666666666
2011-07-26,2011-09-27,BQ1,k_mgl,0.9071428571428571
2011-07-26,2011-09-27,BQ1,ca_mgl,5.1085714285714285
2011-07-26,2011-09-27,BQ1,mg_mgl,2.54
2011-07-26,2011-09-27,BQ1,nh4_ugl,124
2011-07-26,2011-09-27,BQ1,no3_ugl,98.83333333333333
2011-09-27,2011-11-29,BQ1,k_mgl,0.8788888888888889
2011-09-27,2011-11-29,BQ1,ca_mgl,6.457777777777777
2011-09-27,2011-11-29,BQ1,mg_mgl,3.0522222222222224
2011-09-27,2011-11-29,BQ1,nh4_ugl,9.4
2011-09-27,2011-11-29,BQ1,no3_ugl,132.75
2011-11-29,2012-01-31,BQ1,k_mgl,0.8477777777777777
2011-11-29,2012-01-31,BQ1,ca_mgl,6.511111111111111
2011-11-29,2012-01-31,BQ1,mg_mgl,2.8944444444444444
2011-11-29,2012-01-31,BQ1,nh4_ugl,8.5
2011-11-29,2012-01-31,BQ1,no3_ugl,147.375
2012-01-31,2012-04-03,BQ1,k_mgl,0.8233333333333334
2012-01-31,2012-04-03,BQ1,ca_mgl,6.781111111111111
2012-01-31,2012-04-03,BQ1,mg_mgl,3.2055555555555557
2012-01-31,2012-04-03,BQ1,nh4_ugl,NA
2012-01-31,2012-04-03,BQ1,no3_ugl,115.83333333333333
2012-04-03,2012-06-05,BQ1,k_mgl,0.85
2012-04-03,2012-06-05,BQ1,ca_mgl,6.081111111111111
2012-04-03,2012-06-05,BQ1,mg_mgl,2.8722222222222222
2012-04-03,2012-06-05,BQ1,nh4_ugl,NA
2012-04-03,2012-06-05,BQ1,no3_ugl,93.33333333333333
2012-06-05,2012-08-07,BQ1,k_mgl,0.78375
2012-06-05,2012-08-07,BQ1,ca_mgl,5.34375
2012-06-05,2012-08-07,BQ1,mg_mgl,2.83875
2012-06-05,2012-08-07,BQ1,nh4_ugl,33
2012-06-05,2012-08-07,BQ1,no3_ugl,97
2012-08-07,2012-10-09,BQ1,k_mgl,0.7377777777777778
2012-08-07,2012-10-09,BQ1,ca_mgl,5.832222222222222
2012-08-07,2012-10-09,BQ1,mg_mgl,2.988888888888889
2012-08-07,2012-10-09,BQ1,nh4_ugl,8
2012-08-07,2012-10-09,BQ1,no3_ugl,80.83333333333333
2012-10-09,2012-12-11,BQ1,k_mgl,0.87
2012-10-09,2012-12-11,BQ1,ca_mgl,5.204444444444444
2012-10-09,2012-12-11,BQ1,mg_mgl,2.77
2012-10-09,2012-12-11,BQ1,nh4_ugl,10
2012-10-09,2012-12-11,BQ1,no3_ugl,57
2012-12-11,2013-02-12,BQ1,k_mgl,0.9066666666666667
2012-12-11,2013-02-12,BQ1,ca_mgl,6.035555555555556
2012-12-11,2013-02-12,BQ1,mg_mgl,3.091111111111111
2012-12-11,2013-02-12,BQ1,nh4_ugl,16.333333333333332
2012-12-11,2013-02-12,BQ1,no3_ugl,115
2013-02-12,2013-04-16,BQ1,k_mgl,0.8322222222222222
2013-02-12,2013-04-16,BQ1,ca_mgl,4.542222222222222
2013-02-12,2013-04-16,BQ1,mg_mgl,2.6766666666666667
2013-02-12,2013-04-16,BQ1,nh4_ugl,22
2013-02-12,2013-04-16,BQ1,no3_ugl,105.375
2013-04-16,2013-06-18,BQ1,k_mgl,0.8522222222222222
2013-04-16,2013-06-18,BQ1,ca_mgl,5.15
2013-04-16,2013-06-18,BQ1,mg_mgl,2.772222222222222
2013-04-16,2013-06-18,BQ1,nh4_ugl,NA
2013-04-16,2013-06-18,BQ1,no3_ugl,42.333333333333336
2013-06-18,2013-08-20,BQ1,k_mgl,0.6985714285714286
2013-06-18,2013-08-20,BQ1,ca_mgl,5.0024999999999995
2013-06-18,2013-08-20,BQ1,mg_mgl,2.35
2013-06-18,2013-08-20,BQ1,nh4_ugl,13.666666666666666
2013-06-18,2013-08-20,BQ1,no3_ugl,60.666666666666664
2013-08-20,2013-10-22,BQ1,k_mgl,0.6742857142857143
2013-08-20,2013-10-22,BQ1,ca_mgl,6.357142857142858
2013-08-20,2013-10-22,BQ1,mg_mgl,3.047142857142857
2013-08-20,2013-10-22,BQ1,nh4_ugl,18.333333333333332
2013-08-20,2013-10-22,BQ1,no3_ugl,50
2013-10-22,2013-12-24,BQ1,k_mgl,0.8688888888888888
2013-10-22,2013-12-24,BQ1,ca_mgl,5.025555555555556
2013-10-22,2013-12-24,BQ1,mg_mgl,2.7311111111111113
2013-10-22,2013-12-24,BQ1,nh4_ugl,20.833333333333332
2013-10-22,2013-12-24,BQ1,no3_ugl,136.5
2013-12-24,2014-02-25,BQ1,k_mgl,0.8933333333333333
2013-12-24,2014-02-25,BQ1,ca_mgl,5.207777777777777
2013-12-24,2014-02-25,BQ1,mg_mgl,3.013333333333333
2013-12-24,2014-02-25,BQ1,nh4_ugl,19
2013-12-24,2014-02-25,BQ1,no3_ugl,135
2014-02-25,2014-04-29,BQ1,k_mgl,0.75375
2014-02-25,2014-04-29,BQ1,ca_mgl,5.0725
2014-02-25,2014-04-29,BQ1,mg_mgl,2.91
2014-02-25,2014-04-29,BQ1,nh4_ugl,12.2
2014-02-25,2014-04-29,BQ1,no3_ugl,136
2014-04-29,2014-07-01,BQ1,k_mgl,0.9055555555555556
2014-04-29,2014-07-01,BQ1,ca_mgl,5.681111111111111
2014-04-29,2014-07-01,BQ1,mg_mgl,3.4266666666666667
2014-04-29,2014-07-01,BQ1,nh4_ugl,8
2014-04-29,2014-07-01,BQ1,no3_ugl,121
2014-07-01,2014-09-02,BQ1,k_mgl,0.895
2014-07-01,2014-09-02,BQ1,ca_mgl,5.895
2014-07-01,2014-09-02,BQ1,mg_mgl,3.405
2014-07-01,2014-09-02,BQ1,nh4_ugl,9.333333333333334
2014-07-01,2014-09-02,BQ1,no3_ugl,132.25
2014-09-02,2014-11-04,BQ1,k_mgl,0.9466666666666667
2014-09-02,2014-11-04,BQ1,ca_mgl,6.148888888888889
2014-09-02,2014-11-04,BQ1,mg_mgl,3.562222222222222
2014-09-02,2014-11-04,BQ1,nh4_ugl,17.8
2014-09-02,2014-11-04,BQ1,no3_ugl,131.66666666666666
2014-11-04,2015-01-06,BQ1,k_mgl,0.833
2014-11-04,2015-01-06,BQ1,ca_mgl,5.125
2014-11-04,2015-01-06,BQ1,mg_mgl,2.779
2014-11-04,2015-01-06,BQ1,nh4_ugl,15
2014-11-04,2015-01-06,BQ1,no3_ugl,89.83333333333333
2015-01-06,2015-03-10,BQ1,k_mgl,0.8987499999999999
2015-01-06,2015-03-10,BQ1,ca_mgl,5.9475
2015-01-06,2015-03-10,BQ1,mg_mgl,3.22375
2015-01-06,2015-03-10,BQ1,nh4_ugl,12.25
2015-01-06,2015-03-10,BQ1,no3_ugl,117.6
2015-03-10,2015-05-12,BQ1,k_mgl,0.9911111111111112
2015-03-10,2015-05-12,BQ1,ca_mgl,6.555555555555555
2015-03-10,2015-05-12,BQ1,mg_mgl,3.6844444444444444
2015-03-10,2015-05-12,BQ1,nh4_ugl,11
2015-03-10,2015-05-12,BQ1,no3_ugl,127.25
2015-05-12,2015-07-14,BQ1,k_mgl,1.0875000000000001
2015-05-12,2015-07-14,BQ1,ca_mgl,7.49375
2015-05-12,2015-07-14,BQ1,mg_mgl,3.9025
2015-05-12,2015-07-14,BQ1,nh4_ugl,10
2015-05-12,2015-07-14,BQ1,no3_ugl,118
2015-07-14,2015-09-15,BQ1,k_mgl,0.8166666666666667
2015-07-14,2015-09-15,BQ1,ca_mgl,6.423333333333334
2015-07-14,2015-09-15,BQ1,mg_mgl,3.3266666666666667
2015-07-14,2015-09-15,BQ1,nh4_ugl,13
2015-07-14,2015-09-15,BQ1,no3_ugl,122.75
2015-09-15,2015-11-17,BQ1,k_mgl,0.8322222222222222
2015-09-15,2015-11-17,BQ1,ca_mgl,5.8
2015-09-15,2015-11-17,BQ1,mg_mgl,3.18
2015-09-15,2015-11-17,BQ1,nh4_ugl,12.4
2015-09-15,2015-11-17,BQ1,no3_ugl,162.33333333333334
2015-11-17,2016-01-19,BQ1,k_mgl,0.8677777777777778
2015-11-17,2016-01-19,BQ1,ca_mgl,6.405555555555556
2015-11-17,2016-01-19,BQ1,mg_mgl,3.2444444444444445
2015-11-17,2016-01-19,BQ1,nh4_ugl,6
2015-11-17,2016-01-19,BQ1,no3_ugl,115.85714285714286
2016-01-19,2016-03-22,BQ1,k_mgl,0.885
2016-01-19,2016-03-22,BQ1,ca_mgl,6.375
2016-01-19,2016-03-22,BQ1,mg_mgl,2.995
2016-01-19,2016-03-22,BQ1,nh4_ugl,5
2016-01-19,2016-03-22,BQ1,no3_ugl,90
2016-03-22,2016-05-24,BQ1,k_mgl,1.038888888888889
2016-03-22,2016-05-24,BQ1,ca_mgl,6.842222222222222
2016-03-22,2016-05-24,BQ1,mg_mgl,3.3622222222222224
2016-03-22,2016-05-24,BQ1,nh4_ugl,14.333333333333334
2016-03-22,2016-05-24,BQ1,no3_ugl,107.66666666666667
2016-05-24,2016-07-26,BQ1,k_mgl,0.9244444444444444
2016-05-24,2016-07-26,BQ1,ca_mgl,6
2016-05-24,2016-07-26,BQ1,mg_mgl,2.9766666666666666
2016-05-24,2016-07-26,BQ1,nh4_ugl,9.25
2016-05-24,2016-07-26,BQ1,no3_ugl,101.55555555555556
2016-07-26,2016-09-27,BQ1,k_mgl,0.9311111111111111
2016-07-26,2016-09-27,BQ1,ca_mgl,5.6433333333333335
2016-07-26,2016-09-27,BQ1,mg_mgl,2.9044444444444446
2016-07-26,2016-09-27,BQ1,nh4_ugl,6.666666666666667
2016-07-26,2016-09-27,BQ1,no3_ugl,95.625
2016-09-27,2016-11-29,BQ1,k_mgl,0.9388888888888889
2016-09-27,2016-11-29,BQ1,ca_mgl,5.832222222222223
2016-09-27,2016-11-29,BQ1,mg_mgl,3.022222222222222
2016-09-27,2016-11-29,BQ1,nh4_ugl,NA
2016-09-27,2016-11-29,BQ1,no3_ugl,121.44444444444444
2016-11-29,2017-01-31,BQ1,k_mgl,0.9388888888888889
2016-11-29,2017-01-31,BQ1,ca_mgl,5.036666666666666
2016-11-29,2017-01-31,BQ1,mg_mgl,2.6055555555555556
2016-11-29,2017-01-31,BQ1,nh4_ugl,6.666666666666667
2016-11-29,2017-01-31,BQ1,no3_ugl,133.44444444444446
2017-01-31,2017-04-04,BQ1,k_mgl,0.9766666666666667
2017-01-31,2017-04-04,BQ1,ca_mgl,5.365555555555556
2017-01-31,2017-04-04,BQ1,mg_mgl,2.94
2017-01-31,2017-04-04,BQ1,nh4_ugl,67.5
2017-01-31,2017-04-04,BQ1,no3_ugl,117.11111111111111
2017-04-04,2017-06-06,BQ1,k_mgl,0.99
2017-04-04,2017-06-06,BQ1,ca_mgl,5.064444444444445
2017-04-04,2017-06-06,BQ1,mg_mgl,2.7644444444444445
2017-04-04,2017-06-06,BQ1,nh4_ugl,8
2017-04-04,2017-06-06,BQ1,no3_ugl,109.16666666666667
2017-06-06,2017-08-08,BQ1,k_mgl,0.9177777777777778
2017-06-06,2017-08-08,BQ1,ca_mgl,5.997777777777777
2017-06-06,2017-08-08,BQ1,mg_mgl,3.307777777777778
2017-06-06,2017-08-08,BQ1,nh4_ugl,28
2017-06-06,2017-08-08,BQ1,no3_ugl,110.44444444444444
2017-08-08,2017-10-10,BQ1,k_mgl,0.985
2017-08-08,2017-10-10,BQ1,ca_mgl,5.382499999999999
2017-08-08,2017-10-10,BQ1,mg_mgl,3.0375
2017-08-08,2017-10-10,BQ1,nh4_ugl,6
2017-08-08,2017-10-10,BQ1,no3_ugl,120.75
2017-10-10,2017-12-12,BQ1,k_mgl,1.254
2017-10-10,2017-12-12,BQ1,ca_mgl,4.734
2017-10-10,2017-12-12,BQ1,mg_mgl,2.566
2017-10-10,2017-12-12,BQ1,nh4_ugl,8
2017-10-10,2017-12-12,BQ1,no3_ugl,68.8
2017-12-12,2018-02-13,BQ1,k_mgl,1.2255555555555555
2017-12-12,2018-02-13,BQ1,ca_mgl,5.2122222222222225
2017-12-12,2018-02-13,BQ1,mg_mgl,2.8266666666666667
2017-12-12,2018-02-13,BQ1,nh4_ugl,20
2017-12-12,2018-02-13,BQ1,no3_ugl,164.625
2018-02-13,2018-04-17,BQ1,k_mgl,0.9400000000000001
2018-02-13,2018-04-17,BQ1,ca_mgl,5.155555555555556
2018-02-13,2018-04-17,BQ1,mg_mgl,2.5766666666666667
2018-02-13,2018-04-17,BQ1,nh4_ugl,8
2018-02-13,2018-04-17,BQ1,no3_ugl,88
2018-04-17,2018-06-19,BQ1,k_mgl,1.0077777777777779
2018-04-17,2018-06-19,BQ1,ca_mgl,5.323333333333333
2018-04-17,2018-06-19,BQ1,mg_mgl,2.8111111111111113
2018-04-17,2018-06-19,BQ1,nh4_ugl,11.75
2018-04-17,2018-06-19,BQ1,no3_ugl,57
2018-06-19,2018-08-21,BQ1,k_mgl,0.9933333333333333
2018-06-19,2018-08-21,BQ1,ca_mgl,5.904444444444445
2018-06-19,2018-08-21,BQ1,mg_mgl,3.04
2018-06-19,2018-08-21,BQ1,nh4_ugl,10
2018-06-19,2018-08-21,BQ1,no3_ugl,81
2018-08-21,2018-10-23,BQ1,k_mgl,1.064
2018-08-21,2018-10-23,BQ1,ca_mgl,5.37
2018-08-21,2018-10-23,BQ1,mg_mgl,2.906
2018-08-21,2018-10-23,BQ1,nh4_ugl,6
2018-08-21,2018-10-23,BQ1,no3_ugl,72
2018-10-23,2018-12-25,BQ1,k_mgl,0.96
2018-10-23,2018-12-25,BQ1,ca_mgl,5.345714285714286
2018-10-23,2018-12-25,BQ1,mg_mgl,2.802857142857143
2018-10-23,2018-12-25,BQ1,nh4_ugl,7
2018-10-23,2018-12-25,BQ1,no3_ugl,82.16666666666667
2018-12-25,2019-02-26,BQ1,k_mgl,0.90625
2018-12-25,2019-02-26,BQ1,ca_mgl,6.195
2018-12-25,2019-02-26,BQ1,mg_mgl,3.335
2018-12-25,2019-02-26,BQ1,nh4_ugl,6
2018-12-25,2019-02-26,BQ1,no3_ugl,57.4
2019-02-26,2019-04-30,BQ1,k_mgl,0.9144444444444444
2019-02-26,2019-04-30,BQ1,ca_mgl,6.39
2019-02-26,2019-04-30,BQ1,mg_mgl,3.341111111111111
2019-02-26,2019-04-30,BQ1,nh4_ugl,12
2019-02-26,2019-04-30,BQ1,no3_ugl,92.5
2019-04-30,2019-07-02,BQ1,k_mgl,0.8966666666666666
2019-04-30,2019-07-02,BQ1,ca_mgl,5.982222222222222
2019-04-30,2019-07-02,BQ1,mg_mgl,3.1688888888888886
2019-04-30,2019-07-02,BQ1,nh4_ugl,NA
2019-04-30,2019-07-02,BQ1,no3_ugl,63.714285714285715
2019-07-02,2019-09-03,BQ1,k_mgl,0.8655555555555555
2019-07-02,2019-09-03,BQ1,ca_mgl,5.556666666666667
2019-07-02,2019-09-03,BQ1,mg_mgl,2.958888888888889
2019-07-02,2019-09-03,BQ1,nh4_ugl,7.333333333333333
2019-07-02,2019-09-03,BQ1,no3_ugl,78.5
2019-09-03,2019-11-05,BQ1,k_mgl,0.9033333333333333
2019-09-03,2019-11-05,BQ1,ca_mgl,5.3533333333333335
2019-09-03,2019-11-05,BQ1,mg_mgl,3.11
2019-09-03,2019-11-05,BQ1,nh4_ugl,5.6
2019-09-03,2019-11-05,BQ1,no3_ugl,105.6
2019-11-05,2020-01-07,BQ1,k_mgl,0.9933333333333333
2019-11-05,2020-01-07,BQ1,ca_mgl,5.04
2019-11-05,2020-01-07,BQ1,mg_mgl,2.7622222222222224
2019-11-05,2020-01-07,BQ1,nh4_ugl,8
2019-11-05,2020-01-07,BQ1,no3_ugl,114.625
2020-01-07,2020-03-10,BQ1,k_mgl,0.8866666666666667
2020-01-07,2020-03-10,BQ1,ca_mgl,4.823333333333333
2020-01-07,2020-03-10,BQ1,mg_mgl,2.641111111111111
2020-01-07,2020-03-10,BQ1,nh4_ugl,14
2020-01-07,2020-03-10,BQ1,no3_ugl,128
2020-03-10,2020-05-12,BQ1,k_mgl,1.03
2020-03-10,2020-05-12,BQ1,ca_mgl,7.109999999999999
2020-03-10,2020-05-12,BQ1,mg_mgl,3.435
2020-03-10,2020-05-12,BQ1,nh4_ugl,NA
2020-03-10,2020-05-12,BQ1,no3_ugl,129
2020-05-12,2020-07-14,BQ1,k_mgl,0.92
2020-05-12,2020-07-14,BQ1,ca_mgl,3.57
2020-05-12,2020-07-14,BQ1,mg_mgl,1.82
2020-05-12,2020-07-14,BQ1,nh4_ugl,18
2020-05-12,2020-07-14,BQ1,no3_ugl,67
2020-07-14,2020-09-15,BQ1,k_mgl,0.9185714285714286
2020-07-14,2020-09-15,BQ1,ca_mgl,5.925714285714286
2020-07-14,2020-09-15,BQ1,mg_mgl,2.9485714285714284
2020-07-14,2020-09-15,BQ1,nh4_ugl,8.75
2020-07-14,2020-09-15,BQ1,no3_ugl,108.57142857142857
2020-09-15,2020-11-17,BQ1,k_mgl,0.95
2020-09-15,2020-11-17,BQ1,ca_mgl,4.965
2020-09-15,2020-11-17,BQ1,mg_mgl,2.785
2020-09-15,2020-11-17,BQ1,nh4_ugl,9.166666666666666
2020-09-15,2020-11-17,BQ1,no3_ugl,136.75
2020-11-17,2021-01-19,BQ1,k_mgl,1.0150000000000001
2020-11-17,2021-01-19,BQ1,ca_mgl,5.890000000000001
2020-11-17,2021-01-19,BQ1,mg_mgl,3.175
2020-11-17,2021-01-19,BQ1,nh4_ugl,10.285714285714286
2020-11-17,2021-01-19,BQ1,no3_ugl,145.33333333333334
1986-05-20,1986-07-22,BQ2,k_mgl,0.79
1986-05-20,1986-07-22,BQ2,ca_mgl,4.9
1986-05-20,1986-07-22,BQ2,mg_mgl,3.0033333333333334
1986-05-20,1986-07-22,BQ2,nh4_ugl,NA
1986-05-20,1986-07-22,BQ2,no3_ugl,208.66666666666666
1986-07-22,1986-09-23,BQ2,k_mgl,NA
1986-07-22,1986-09-23,BQ2,ca_mgl,NA
1986-07-22,1986-09-23,BQ2,mg_mgl,NA
1986-07-22,1986-09-23,BQ2,nh4_ugl,NA
1986-07-22,1986-09-23,BQ2,no3_ugl,NA
1986-09-23,1986-11-25,BQ2,k_mgl,0.716
1986-09-23,1986-11-25,BQ2,ca_mgl,4.946
1986-09-23,1986-11-25,BQ2,mg_mgl,2.43
1986-09-23,1986-11-25,BQ2,nh4_ugl,22.6
1986-09-23,1986-11-25,BQ2,no3_ugl,206.6
1986-11-25,1987-01-27,BQ2,k_mgl,0.6922222222222223
1986-11-25,1987-01-27,BQ2,ca_mgl,4.742222222222222
1986-11-25,1987-01-27,BQ2,mg_mgl,2.5211111111111113
1986-11-25,1987-01-27,BQ2,nh4_ugl,17.25
1986-11-25,1987-01-27,BQ2,no3_ugl,268.1111111111111
1987-01-27,1987-03-31,BQ2,k_mgl,0.76
1987-01-27,1987-03-31,BQ2,ca_mgl,4.924444444444444
1987-01-27,1987-03-31,BQ2,mg_mgl,2.658888888888889
1987-01-27,1987-03-31,BQ2,nh4_ugl,14
1987-01-27,1987-03-31,BQ2,no3_ugl,219.625
1987-03-31,1987-06-02,BQ2,k_mgl,0.9455555555555556
1987-03-31,1987-06-02,BQ2,ca_mgl,4.682222222222222
1987-03-31,1987-06-02,BQ2,mg_mgl,2.29
1987-03-31,1987-06-02,BQ2,nh4_ugl,39
1987-03-31,1987-06-02,BQ2,no3_ugl,259.85714285714283
1987-06-02,1987-08-04,BQ2,k_mgl,0.8188888888888889
1987-06-02,1987-08-04,BQ2,ca_mgl,4.915555555555556
1987-06-02,1987-08-04,BQ2,mg_mgl,2.49
1987-06-02,1987-08-04,BQ2,nh4_ugl,70.66666666666667
1987-06-02,1987-08-04,BQ2,no3_ugl,232.77777777777777
1987-08-04,1987-10-06,BQ2,k_mgl,0.8530769230769231
1987-08-04,1987-10-06,BQ2,ca_mgl,4.03
1987-08-04,1987-10-06,BQ2,mg_mgl,2.037692307692308
1987-08-04,1987-10-06,BQ2,nh4_ugl,32.84615384615385
1987-08-04,1987-10-06,BQ2,no3_ugl,231.3846153846154
1987-10-06,1987-12-08,BQ2,k_mgl,0.856
1987-10-06,1987-12-08,BQ2,ca_mgl,4.21
1987-10-06,1987-12-08,BQ2,mg_mgl,2.0949999999999998
1987-10-06,1987-12-08,BQ2,nh4_ugl,12.1
1987-10-06,1987-12-08,BQ2,no3_ugl,191
1987-12-08,1988-02-09,BQ2,k_mgl,0.8668421052631579
1987-12-08,1988-02-09,BQ2,ca_mgl,4.324736842105263
1987-12-08,1988-02-09,BQ2,mg_mgl,2.04
1987-12-08,1988-02-09,BQ2,nh4_ugl,18.36842105263158
1987-12-08,1988-02-09,BQ2,no3_ugl,253.86666666666667
1988-02-09,1988-04-12,BQ2,k_mgl,0.7775
1988-02-09,1988-04-12,BQ2,ca_mgl,4.33875
1988-02-09,1988-04-12,BQ2,mg_mgl,2.34625
1988-02-09,1988-04-12,BQ2,nh4_ugl,18.857142857142858
1988-02-09,1988-04-12,BQ2,no3_ugl,185
1988-04-12,1988-06-14,BQ2,k_mgl,0.807
1988-04-12,1988-06-14,BQ2,ca_mgl,3.868
1988-04-12,1988-06-14,BQ2,mg_mgl,2.187
1988-04-12,1988-06-14,BQ2,nh4_ugl,57.55555555555556
1988-04-12,1988-06-14,BQ2,no3_ugl,216.7
1988-06-14,1988-08-16,BQ2,k_mgl,0.7545454545454545
1988-06-14,1988-08-16,BQ2,ca_mgl,3.561818181818182
1988-06-14,1988-08-16,BQ2,mg_mgl,2.2381818181818183
1988-06-14,1988-08-16,BQ2,nh4_ugl,67.5
1988-06-14,1988-08-16,BQ2,no3_ugl,NA
1988-08-16,1988-10-18,BQ2,k_mgl,0.7761538461538462
1988-08-16,1988-10-18,BQ2,ca_mgl,3.805
1988-08-16,1988-10-18,BQ2,mg_mgl,2.0591666666666666
1988-08-16,1988-10-18,BQ2,nh4_ugl,26.25
1988-08-16,1988-10-18,BQ2,no3_ugl,184.72727272727272
1988-10-18,1988-12-20,BQ2,k_mgl,0.8475
1988-10-18,1988-12-20,BQ2,ca_mgl,4.18625
1988-10-18,1988-12-20,BQ2,mg_mgl,2.38125
1988-10-18,1988-12-20,BQ2,nh4_ugl,61
1988-10-18,1988-12-20,BQ2,no3_ugl,224.125
1988-12-20,1989-02-21,BQ2,k_mgl,0.9077777777777778
1988-12-20,1989-02-21,BQ2,ca_mgl,4.488888888888889
1988-12-20,1989-02-21,BQ2,mg_mgl,2.4833333333333334
1988-12-20,1989-02-21,BQ2,nh4_ugl,NA
1988-12-20,1989-02-21,BQ2,no3_ugl,219.11111111111111
1989-02-21,1989-04-25,BQ2,k_mgl,0.8377777777777777
1989-02-21,1989-04-25,BQ2,ca_mgl,4.62
1989-02-21,1989-04-25,BQ2,mg_mgl,2.7688888888888887
1989-02-21,1989-04-25,BQ2,nh4_ugl,NA
1989-02-21,1989-04-25,BQ2,no3_ugl,224.9
1989-04-25,1989-06-27,BQ2,k_mgl,0.9366666666666666
1989-04-25,1989-06-27,BQ2,ca_mgl,4.58
1989-04-25,1989-06-27,BQ2,mg_mgl,2.6755555555555555
1989-04-25,1989-06-27,BQ2,nh4_ugl,NA
1989-04-25,1989-06-27,BQ2,no3_ugl,174
1989-06-27,1989-08-29,BQ2,k_mgl,1.0044444444444445
1989-06-27,1989-08-29,BQ2,ca_mgl,4.605555555555556
1989-06-27,1989-08-29,BQ2,mg_mgl,2.3566666666666665
1989-06-27,1989-08-29,BQ2,nh4_ugl,NA
1989-06-27,1989-08-29,BQ2,no3_ugl,176
1989-08-29,1989-10-31,BQ2,k_mgl,1.1718181818181819
1989-08-29,1989-10-31,BQ2,ca_mgl,5.341
1989-08-29,1989-10-31,BQ2,mg_mgl,2.789
1989-08-29,1989-10-31,BQ2,nh4_ugl,NA
1989-08-29,1989-10-31,BQ2,no3_ugl,137.42857142857142
1989-10-31,1990-01-02,BQ2,k_mgl,1.339
1989-10-31,1990-01-02,BQ2,ca_mgl,6.071
1989-10-31,1990-01-02,BQ2,mg_mgl,3.138
1989-10-31,1990-01-02,BQ2,nh4_ugl,NA
1989-10-31,1990-01-02,BQ2,no3_ugl,424.3
1990-01-02,1990-03-06,BQ2,k_mgl,1.3822222222222222
1990-01-02,1990-03-06,BQ2,ca_mgl,6.677777777777778
1990-01-02,1990-03-06,BQ2,mg_mgl,3.12
1990-01-02,1990-03-06,BQ2,nh4_ugl,NA
1990-01-02,1990-03-06,BQ2,no3_ugl,194.75
1990-03-06,1990-05-08,BQ2,k_mgl,1.393076923076923
1990-03-06,1990-05-08,BQ2,ca_mgl,5.222307692307692
1990-03-06,1990-05-08,BQ2,mg_mgl,2.46
1990-03-06,1990-05-08,BQ2,nh4_ugl,NA
1990-03-06,1990-05-08,BQ2,no3_ugl,460.9090909090909
1990-05-08,1990-07-10,BQ2,k_mgl,1.262
1990-05-08,1990-07-10,BQ2,ca_mgl,6.397
1990-05-08,1990-07-10,BQ2,mg_mgl,3.079
1990-05-08,1990-07-10,BQ2,nh4_ugl,NA
1990-05-08,1990-07-10,BQ2,no3_ugl,301.5
1990-07-10,1990-09-11,BQ2,k_mgl,0.9955555555555555
1990-07-10,1990-09-11,BQ2,ca_mgl,7.045555555555556
1990-07-10,1990-09-11,BQ2,mg_mgl,3.2844444444444445
1990-07-10,1990-09-11,BQ2,nh4_ugl,NA
1990-07-10,1990-09-11,BQ2,no3_ugl,177.44444444444446
1990-09-11,1990-11-13,BQ2,k_mgl,0.8822222222222222
1990-09-11,1990-11-13,BQ2,ca_mgl,6.1322222222222225
1990-09-11,1990-11-13,BQ2,mg_mgl,2.76
1990-09-11,1990-11-13,BQ2,nh4_ugl,NA
1990-09-11,1990-11-13,BQ2,no3_ugl,101
1990-11-13,1991-01-15,BQ2,k_mgl,1.0463636363636364
1990-11-13,1991-01-15,BQ2,ca_mgl,6.368181818181818
1990-11-13,1991-01-15,BQ2,mg_mgl,2.9263636363636363
1990-11-13,1991-01-15,BQ2,nh4_ugl,NA
1990-11-13,1991-01-15,BQ2,no3_ugl,211.45454545454547
1991-01-15,1991-03-19,BQ2,k_mgl,0.8288888888888889
1991-01-15,1991-03-19,BQ2,ca_mgl,6.865555555555556
1991-01-15,1991-03-19,BQ2,mg_mgl,3.0255555555555556
1991-01-15,1991-03-19,BQ2,nh4_ugl,NA
1991-01-15,1991-03-19,BQ2,no3_ugl,124.71428571428571
1991-03-19,1991-05-21,BQ2,k_mgl,0.8922222222222222
1991-03-19,1991-05-21,BQ2,ca_mgl,5.662222222222222
1991-03-19,1991-05-21,BQ2,mg_mgl,2.92
1991-03-19,1991-05-21,BQ2,nh4_ugl,NA
1991-03-19,1991-05-21,BQ2,no3_ugl,77.44444444444443
1991-05-21,1991-07-23,BQ2,k_mgl,1.078
1991-05-21,1991-07-23,BQ2,ca_mgl,3.7439999999999998
1991-05-21,1991-07-23,BQ2,mg_mgl,3.005
1991-05-21,1991-07-23,BQ2,nh4_ugl,NA
1991-05-21,1991-07-23,BQ2,no3_ugl,85.125
1991-07-23,1991-09-24,BQ2,k_mgl,1.271
1991-07-23,1991-09-24,BQ2,ca_mgl,6.536
1991-07-23,1991-09-24,BQ2,mg_mgl,3.157
1991-07-23,1991-09-24,BQ2,nh4_ugl,NA
1991-07-23,1991-09-24,BQ2,no3_ugl,60.2
1991-09-24,1991-11-26,BQ2,k_mgl,1.2816666666666667
1991-09-24,1991-11-26,BQ2,ca_mgl,4.645833333333333
1991-09-24,1991-11-26,BQ2,mg_mgl,2.6133333333333333
1991-09-24,1991-11-26,BQ2,nh4_ugl,NA
1991-09-24,1991-11-26,BQ2,no3_ugl,170.83333333333331
1991-11-26,1992-01-28,BQ2,k_mgl,1.198888888888889
1991-11-26,1992-01-28,BQ2,ca_mgl,5.783333333333333
1991-11-26,1992-01-28,BQ2,mg_mgl,3.051111111111111
1991-11-26,1992-01-28,BQ2,nh4_ugl,NA
1991-11-26,1992-01-28,BQ2,no3_ugl,296.1111111111111
1992-01-28,1992-03-31,BQ2,k_mgl,1.284
1992-01-28,1992-03-31,BQ2,ca_mgl,6.08
1992-01-28,1992-03-31,BQ2,mg_mgl,2.969
1992-01-28,1992-03-31,BQ2,nh4_ugl,NA
1992-01-28,1992-03-31,BQ2,no3_ugl,191.11111111111111
1992-03-31,1992-06-02,BQ2,k_mgl,1.1555555555555557
1992-03-31,1992-06-02,BQ2,ca_mgl,5.455555555555556
1992-03-31,1992-06-02,BQ2,mg_mgl,2.8533333333333335
1992-03-31,1992-06-02,BQ2,nh4_ugl,NA
1992-03-31,1992-06-02,BQ2,no3_ugl,135.125
1992-06-02,1992-08-04,BQ2,k_mgl,1.26
1992-06-02,1992-08-04,BQ2,ca_mgl,6.188888888888889
1992-06-02,1992-08-04,BQ2,mg_mgl,2.9877777777777776
1992-06-02,1992-08-04,BQ2,nh4_ugl,NA
1992-06-02,1992-08-04,BQ2,no3_ugl,58
1992-08-04,1992-10-06,BQ2,k_mgl,1.2733333333333332
1992-08-04,1992-10-06,BQ2,ca_mgl,6.444444444444445
1992-08-04,1992-10-06,BQ2,mg_mgl,3.04
1992-08-04,1992-10-06,BQ2,nh4_ugl,NA
1992-08-04,1992-10-06,BQ2,no3_ugl,79.66666666666667
1992-10-06,1992-12-08,BQ2,k_mgl,1.1822222222222223
1992-10-06,1992-12-08,BQ2,ca_mgl,5.905555555555556
1992-10-06,1992-12-08,BQ2,mg_mgl,2.738888888888889
1992-10-06,1992-12-08,BQ2,nh4_ugl,NA
1992-10-06,1992-12-08,BQ2,no3_ugl,47.75
1992-12-08,1993-02-09,BQ2,k_mgl,1.2344444444444445
1992-12-08,1993-02-09,BQ2,ca_mgl,6.345555555555555
1992-12-08,1993-02-09,BQ2,mg_mgl,3.0322222222222224
1992-12-08,1993-02-09,BQ2,nh4_ugl,NA
1992-12-08,1993-02-09,BQ2,no3_ugl,172
1993-02-09,1993-04-13,BQ2,k_mgl,1.38
1993-02-09,1993-04-13,BQ2,ca_mgl,6.855555555555555
1993-02-09,1993-04-13,BQ2,mg_mgl,3.3477777777777775
1993-02-09,1993-04-13,BQ2,nh4_ugl,NA
1993-02-09,1993-04-13,BQ2,no3_ugl,145.5
1993-04-13,1993-06-15,BQ2,k_mgl,1.3155555555555556
1993-04-13,1993-06-15,BQ2,ca_mgl,5.665555555555556
1993-04-13,1993-06-15,BQ2,mg_mgl,2.8722222222222222
1993-04-13,1993-06-15,BQ2,nh4_ugl,NA
1993-04-13,1993-06-15,BQ2,no3_ugl,89.75
1993-06-15,1993-08-17,BQ2,k_mgl,1.49
1993-06-15,1993-08-17,BQ2,ca_mgl,7.022222222222222
1993-06-15,1993-08-17,BQ2,mg_mgl,3.163333333333333
1993-06-15,1993-08-17,BQ2,nh4_ugl,NA
1993-06-15,1993-08-17,BQ2,no3_ugl,95.4
1993-08-17,1993-10-19,BQ2,k_mgl,1.2966666666666666
1993-08-17,1993-10-19,BQ2,ca_mgl,6.525555555555555
1993-08-17,1993-10-19,BQ2,mg_mgl,2.8777777777777778
1993-08-17,1993-10-19,BQ2,nh4_ugl,NA
1993-08-17,1993-10-19,BQ2,no3_ugl,61.625
1993-10-19,1993-12-21,BQ2,k_mgl,1.3855555555555557
1993-10-19,1993-12-21,BQ2,ca_mgl,6.611111111111112
1993-10-19,1993-12-21,BQ2,mg_mgl,2.966666666666667
1993-10-19,1993-12-21,BQ2,nh4_ugl,NA
1993-10-19,1993-12-21,BQ2,no3_ugl,41.22222222222222
1993-12-21,1994-02-22,BQ2,k_mgl,1.3711111111111112
1993-12-21,1994-02-22,BQ2,ca_mgl,5.996666666666667
1993-12-21,1994-02-22,BQ2,mg_mgl,2.694444444444444
1993-12-21,1994-02-22,BQ2,nh4_ugl,NA
1993-12-21,1994-02-22,BQ2,no3_ugl,12.5
1994-02-22,1994-04-26,BQ2,k_mgl,1.3444444444444446
1994-02-22,1994-04-26,BQ2,ca_mgl,6.587777777777778
1994-02-22,1994-04-26,BQ2,mg_mgl,2.9522222222222223
1994-02-22,1994-04-26,BQ2,nh4_ugl,NA
1994-02-22,1994-04-26,BQ2,no3_ugl,37.5
1994-04-26,1994-06-28,BQ2,k_mgl,1.3925
1994-04-26,1994-06-28,BQ2,ca_mgl,6.95875
1994-04-26,1994-06-28,BQ2,mg_mgl,3.24125
1994-04-26,1994-06-28,BQ2,nh4_ugl,NA
1994-04-26,1994-06-28,BQ2,no3_ugl,22.25
1994-06-28,1994-08-30,BQ2,k_mgl,1.1633333333333333
1994-06-28,1994-08-30,BQ2,ca_mgl,5.0649999999999995
1994-06-28,1994-08-30,BQ2,mg_mgl,2.4833333333333334
1994-06-28,1994-08-30,BQ2,nh4_ugl,NA
1994-06-28,1994-08-30,BQ2,no3_ugl,145.5
1994-08-30,1994-11-01,BQ2,k_mgl,1.32
1994-08-30,1994-11-01,BQ2,ca_mgl,4.325
1994-08-30,1994-11-01,BQ2,mg_mgl,1.975
1994-08-30,1994-11-01,BQ2,nh4_ugl,NA
1994-08-30,1994-11-01,BQ2,no3_ugl,NA
1994-11-01,1995-01-03,BQ2,k_mgl,1.25375
1994-11-01,1995-01-03,BQ2,ca_mgl,5.3075
1994-11-01,1995-01-03,BQ2,mg_mgl,2.48875
1994-11-01,1995-01-03,BQ2,nh4_ugl,NA
1994-11-01,1995-01-03,BQ2,no3_ugl,NA
1995-01-03,1995-03-07,BQ2,k_mgl,1.15625
1995-01-03,1995-03-07,BQ2,ca_mgl,6.3
1995-01-03,1995-03-07,BQ2,mg_mgl,2.9475
1995-01-03,1995-03-07,BQ2,nh4_ugl,NA
1995-01-03,1995-03-07,BQ2,no3_ugl,NA
1995-03-07,1995-05-09,BQ2,k_mgl,1.1066666666666667
1995-03-07,1995-05-09,BQ2,ca_mgl,6.4383333333333335
1995-03-07,1995-05-09,BQ2,mg_mgl,3.0083333333333333
1995-03-07,1995-05-09,BQ2,nh4_ugl,NA
1995-03-07,1995-05-09,BQ2,no3_ugl,NA
1995-05-09,1995-07-11,BQ2,k_mgl,1.134
1995-05-09,1995-07-11,BQ2,ca_mgl,6
1995-05-09,1995-07-11,BQ2,mg_mgl,2.846
1995-05-09,1995-07-11,BQ2,nh4_ugl,NA
1995-05-09,1995-07-11,BQ2,no3_ugl,NA
1995-07-11,1995-09-12,BQ2,k_mgl,1.055
1995-07-11,1995-09-12,BQ2,ca_mgl,6.38
1995-07-11,1995-09-12,BQ2,mg_mgl,2.935
1995-07-11,1995-09-12,BQ2,nh4_ugl,NA
1995-07-11,1995-09-12,BQ2,no3_ugl,NA
1995-09-12,1995-11-14,BQ2,k_mgl,NA
1995-09-12,1995-11-14,BQ2,ca_mgl,NA
1995-09-12,1995-11-14,BQ2,mg_mgl,NA
1995-09-12,1995-11-14,BQ2,nh4_ugl,NA
1995-09-12,1995-11-14,BQ2,no3_ugl,NA
1995-11-14,1996-01-16,BQ2,k_mgl,1.4224999999999999
1995-11-14,1996-01-16,BQ2,ca_mgl,7.6775
1995-11-14,1996-01-16,BQ2,mg_mgl,3.54
1995-11-14,1996-01-16,BQ2,nh4_ugl,NA
1995-11-14,1996-01-16,BQ2,no3_ugl,NA
1996-01-16,1996-03-19,BQ2,k_mgl,1.26125
1996-01-16,1996-03-19,BQ2,ca_mgl,6.785
1996-01-16,1996-03-19,BQ2,mg_mgl,3.1825
1996-01-16,1996-03-19,BQ2,nh4_ugl,NA
1996-01-16,1996-03-19,BQ2,no3_ugl,NA
1996-03-19,1996-05-21,BQ2,k_mgl,1.123
1996-03-19,1996-05-21,BQ2,ca_mgl,5.861
1996-03-19,1996-05-21,BQ2,mg_mgl,2.888
1996-03-19,1996-05-21,BQ2,nh4_ugl,NA
1996-03-19,1996-05-21,BQ2,no3_ugl,NA
1996-05-21,1996-07-23,BQ2,k_mgl,1.3544444444444443
1996-05-21,1996-07-23,BQ2,ca_mgl,6.142222222222222
1996-05-21,1996-07-23,BQ2,mg_mgl,2.8966666666666665
1996-05-21,1996-07-23,BQ2,nh4_ugl,NA
1996-05-21,1996-07-23,BQ2,no3_ugl,NA
1996-07-23,1996-09-24,BQ2,k_mgl,1.22
1996-07-23,1996-09-24,BQ2,ca_mgl,6.585555555555556
1996-07-23,1996-09-24,BQ2,mg_mgl,3.118888888888889
1996-07-23,1996-09-24,BQ2,nh4_ugl,NA
1996-07-23,1996-09-24,BQ2,no3_ugl,321
1996-09-24,1996-11-26,BQ2,k_mgl,1.135
1996-09-24,1996-11-26,BQ2,ca_mgl,6.28
1996-09-24,1996-11-26,BQ2,mg_mgl,2.96125
1996-09-24,1996-11-26,BQ2,nh4_ugl,NA
1996-09-24,1996-11-26,BQ2,no3_ugl,262.8
1996-11-26,1997-01-28,BQ2,k_mgl,1.19625
1996-11-26,1997-01-28,BQ2,ca_mgl,7.0575
1996-11-26,1997-01-28,BQ2,mg_mgl,2.99
1996-11-26,1997-01-28,BQ2,nh4_ugl,NA
1996-11-26,1997-01-28,BQ2,no3_ugl,314.25
1997-01-28,1997-04-01,BQ2,k_mgl,1.0477777777777777
1997-01-28,1997-04-01,BQ2,ca_mgl,6.6177777777777775
1997-01-28,1997-04-01,BQ2,mg_mgl,2.982222222222222
1997-01-28,1997-04-01,BQ2,nh4_ugl,NA
1997-01-28,1997-04-01,BQ2,no3_ugl,299.1111111111111
1997-04-01,1997-06-03,BQ2,k_mgl,1.09125
1997-04-01,1997-06-03,BQ2,ca_mgl,6.30125
1997-04-01,1997-06-03,BQ2,mg_mgl,2.80625
1997-04-01,1997-06-03,BQ2,nh4_ugl,NA
1997-04-01,1997-06-03,BQ2,no3_ugl,158.875
1997-06-03,1997-08-05,BQ2,k_mgl,0.9755555555555555
1997-06-03,1997-08-05,BQ2,ca_mgl,5.71
1997-06-03,1997-08-05,BQ2,mg_mgl,2.7111111111111112
1997-06-03,1997-08-05,BQ2,nh4_ugl,NA
1997-06-03,1997-08-05,BQ2,no3_ugl,131.5
1997-08-05,1997-10-07,BQ2,k_mgl,0.9966666666666667
1997-08-05,1997-10-07,BQ2,ca_mgl,5.9222222222222225
1997-08-05,1997-10-07,BQ2,mg_mgl,2.6822222222222223
1997-08-05,1997-10-07,BQ2,nh4_ugl,NA
1997-08-05,1997-10-07,BQ2,no3_ugl,104.88888888888889
1997-10-07,1997-12-09,BQ2,k_mgl,0.89625
1997-10-07,1997-12-09,BQ2,ca_mgl,4.65375
1997-10-07,1997-12-09,BQ2,mg_mgl,2.30375
1997-10-07,1997-12-09,BQ2,nh4_ugl,NA
1997-10-07,1997-12-09,BQ2,no3_ugl,137.375
1997-12-09,1998-02-10,BQ2,k_mgl,0.8242857142857143
1997-12-09,1998-02-10,BQ2,ca_mgl,4.704444444444444
1997-12-09,1998-02-10,BQ2,mg_mgl,1.9633333333333334
1997-12-09,1998-02-10,BQ2,nh4_ugl,22.8
1997-12-09,1998-02-10,BQ2,no3_ugl,123.85714285714286
1998-02-10,1998-04-14,BQ2,k_mgl,1.3077777777777777
1998-02-10,1998-04-14,BQ2,ca_mgl,4.087777777777777
1998-02-10,1998-04-14,BQ2,mg_mgl,2.49
1998-02-10,1998-04-14,BQ2,nh4_ugl,11.333333333333334
1998-02-10,1998-04-14,BQ2,no3_ugl,112
1998-04-14,1998-06-16,BQ2,k_mgl,1.1011111111111112
1998-04-14,1998-06-16,BQ2,ca_mgl,4.908888888888889
1998-04-14,1998-06-16,BQ2,mg_mgl,2.4322222222222223
1998-04-14,1998-06-16,BQ2,nh4_ugl,18.166666666666668
1998-04-14,1998-06-16,BQ2,no3_ugl,100.75
1998-06-16,1998-08-18,BQ2,k_mgl,0.8557142857142858
1998-06-16,1998-08-18,BQ2,ca_mgl,5.384285714285714
1998-06-16,1998-08-18,BQ2,mg_mgl,2.5
1998-06-16,1998-08-18,BQ2,nh4_ugl,8
1998-06-16,1998-08-18,BQ2,no3_ugl,107
1998-08-18,1998-10-20,BQ2,k_mgl,1.1713333333333333
1998-08-18,1998-10-20,BQ2,ca_mgl,5.642666666666667
1998-08-18,1998-10-20,BQ2,mg_mgl,2.51
1998-08-18,1998-10-20,BQ2,nh4_ugl,9.333333333333334
1998-08-18,1998-10-20,BQ2,no3_ugl,176.85714285714286
1998-10-20,1998-12-22,BQ2,k_mgl,1.2144444444444444
1998-10-20,1998-12-22,BQ2,ca_mgl,6.316666666666666
1998-10-20,1998-12-22,BQ2,mg_mgl,2.577777777777778
1998-10-20,1998-12-22,BQ2,nh4_ugl,NA
1998-10-20,1998-12-22,BQ2,no3_ugl,352.55555555555554
1998-12-22,1999-02-23,BQ2,k_mgl,1.0977777777777777
1998-12-22,1999-02-23,BQ2,ca_mgl,6.183333333333334
1998-12-22,1999-02-23,BQ2,mg_mgl,3.192222222222222
1998-12-22,1999-02-23,BQ2,nh4_ugl,25.6
1998-12-22,1999-02-23,BQ2,no3_ugl,341
1999-02-23,1999-04-27,BQ2,k_mgl,1.1655555555555557
1999-02-23,1999-04-27,BQ2,ca_mgl,6.612222222222222
1999-02-23,1999-04-27,BQ2,mg_mgl,3.2044444444444444
1999-02-23,1999-04-27,BQ2,nh4_ugl,5.5
1999-02-23,1999-04-27,BQ2,no3_ugl,279.3333333333333
1999-04-27,1999-06-29,BQ2,k_mgl,1.2077777777777778
1999-04-27,1999-06-29,BQ2,ca_mgl,6.057777777777778
1999-04-27,1999-06-29,BQ2,mg_mgl,2.901111111111111
1999-04-27,1999-06-29,BQ2,nh4_ugl,6
1999-04-27,1999-06-29,BQ2,no3_ugl,200.33333333333334
1999-06-29,1999-08-31,BQ2,k_mgl,1.0222222222222221
1999-06-29,1999-08-31,BQ2,ca_mgl,4.648888888888889
1999-06-29,1999-08-31,BQ2,mg_mgl,2.3844444444444446
1999-06-29,1999-08-31,BQ2,nh4_ugl,8
1999-06-29,1999-08-31,BQ2,no3_ugl,136.66666666666666
1999-08-31,1999-11-02,BQ2,k_mgl,0.9766666666666667
1999-08-31,1999-11-02,BQ2,ca_mgl,5.2588888888888885
1999-08-31,1999-11-02,BQ2,mg_mgl,2.5011111111111113
1999-08-31,1999-11-02,BQ2,nh4_ugl,11
1999-08-31,1999-11-02,BQ2,no3_ugl,209
1999-11-02,2000-01-04,BQ2,k_mgl,0.8875
1999-11-02,2000-01-04,BQ2,ca_mgl,5.097777777777778
1999-11-02,2000-01-04,BQ2,mg_mgl,2.8066666666666666
1999-11-02,2000-01-04,BQ2,nh4_ugl,NA
1999-11-02,2000-01-04,BQ2,no3_ugl,269.6
2000-01-04,2000-03-07,BQ2,k_mgl,0.8355555555555556
2000-01-04,2000-03-07,BQ2,ca_mgl,5.558888888888889
2000-01-04,2000-03-07,BQ2,mg_mgl,2.8233333333333333
2000-01-04,2000-03-07,BQ2,nh4_ugl,11.25
2000-01-04,2000-03-07,BQ2,no3_ugl,216.55555555555554
2000-03-07,2000-05-09,BQ2,k_mgl,1
2000-03-07,2000-05-09,BQ2,ca_mgl,6.494
2000-03-07,2000-05-09,BQ2,mg_mgl,3.32
2000-03-07,2000-05-09,BQ2,nh4_ugl,9
2000-03-07,2000-05-09,BQ2,no3_ugl,225.8
2000-05-09,2000-07-11,BQ2,k_mgl,0.89
2000-05-09,2000-07-11,BQ2,ca_mgl,4.39
2000-05-09,2000-07-11,BQ2,mg_mgl,2.006666666666667
2000-05-09,2000-07-11,BQ2,nh4_ugl,6
2000-05-09,2000-07-11,BQ2,no3_ugl,75.66666666666667
2000-07-11,2000-09-12,BQ2,k_mgl,0.9375
2000-07-11,2000-09-12,BQ2,ca_mgl,5.7125
2000-07-11,2000-09-12,BQ2,mg_mgl,2.5149999999999997
2000-07-11,2000-09-12,BQ2,nh4_ugl,12.5
2000-07-11,2000-09-12,BQ2,no3_ugl,126
2000-09-12,2000-11-14,BQ2,k_mgl,0.9066666666666667
2000-09-12,2000-11-14,BQ2,ca_mgl,4.94
2000-09-12,2000-11-14,BQ2,mg_mgl,2.422222222222222
2000-09-12,2000-11-14,BQ2,nh4_ugl,20
2000-09-12,2000-11-14,BQ2,no3_ugl,130.11111111111111
2000-11-14,2001-01-16,BQ2,k_mgl,0.9866666666666667
2000-11-14,2001-01-16,BQ2,ca_mgl,5.474444444444444
2000-11-14,2001-01-16,BQ2,mg_mgl,2.8033333333333332
2000-11-14,2001-01-16,BQ2,nh4_ugl,13.75
2000-11-14,2001-01-16,BQ2,no3_ugl,170
2001-01-16,2001-03-20,BQ2,k_mgl,0.95
2001-01-16,2001-03-20,BQ2,ca_mgl,6.418
2001-01-16,2001-03-20,BQ2,mg_mgl,3.146
2001-01-16,2001-03-20,BQ2,nh4_ugl,8.25
2001-01-16,2001-03-20,BQ2,no3_ugl,195.2
2001-03-20,2001-05-22,BQ2,k_mgl,0.9750000000000001
2001-03-20,2001-05-22,BQ2,ca_mgl,4.55
2001-03-20,2001-05-22,BQ2,mg_mgl,2.0324999999999998
2001-03-20,2001-05-22,BQ2,nh4_ugl,10
2001-03-20,2001-05-22,BQ2,no3_ugl,66.25
2001-05-22,2001-07-24,BQ2,k_mgl,1.08
2001-05-22,2001-07-24,BQ2,ca_mgl,5.605
2001-05-22,2001-07-24,BQ2,mg_mgl,2.855
2001-05-22,2001-07-24,BQ2,nh4_ugl,7.75
2001-05-22,2001-07-24,BQ2,no3_ugl,114.375
2001-07-24,2001-09-25,BQ2,k_mgl,1.0271428571428571
2001-07-24,2001-09-25,BQ2,ca_mgl,6.121428571428572
2001-07-24,2001-09-25,BQ2,mg_mgl,2.8328571428571427
2001-07-24,2001-09-25,BQ2,nh4_ugl,5
2001-07-24,2001-09-25,BQ2,no3_ugl,107.71428571428571
2001-09-25,2001-11-27,BQ2,k_mgl,1.08625
2001-09-25,2001-11-27,BQ2,ca_mgl,5.4275
2001-09-25,2001-11-27,BQ2,mg_mgl,2.66875
2001-09-25,2001-11-27,BQ2,nh4_ugl,13.5
2001-09-25,2001-11-27,BQ2,no3_ugl,154
2001-11-27,2002-01-29,BQ2,k_mgl,0.9966666666666667
2001-11-27,2002-01-29,BQ2,ca_mgl,5.191111111111111
2001-11-27,2002-01-29,BQ2,mg_mgl,2.8133333333333335
2001-11-27,2002-01-29,BQ2,nh4_ugl,9.333333333333334
2001-11-27,2002-01-29,BQ2,no3_ugl,220.22222222222223
2002-01-29,2002-04-02,BQ2,k_mgl,0.9855555555555555
2002-01-29,2002-04-02,BQ2,ca_mgl,5.951111111111111
2002-01-29,2002-04-02,BQ2,mg_mgl,3.1066666666666665
2002-01-29,2002-04-02,BQ2,nh4_ugl,7.8
2002-01-29,2002-04-02,BQ2,no3_ugl,198.11111111111111
2002-04-02,2002-06-04,BQ2,k_mgl,1.047777777777778
2002-04-02,2002-06-04,BQ2,ca_mgl,5.0311111111111115
2002-04-02,2002-06-04,BQ2,mg_mgl,2.5188888888888887
2002-04-02,2002-06-04,BQ2,nh4_ugl,7.428571428571429
2002-04-02,2002-06-04,BQ2,no3_ugl,122
2002-06-04,2002-08-06,BQ2,k_mgl,0.9555555555555556
2002-06-04,2002-08-06,BQ2,ca_mgl,5.696666666666666
2002-06-04,2002-08-06,BQ2,mg_mgl,2.922222222222222
2002-06-04,2002-08-06,BQ2,nh4_ugl,8.333333333333334
2002-06-04,2002-08-06,BQ2,no3_ugl,138.33333333333334
2002-08-06,2002-10-08,BQ2,k_mgl,0.994
2002-08-06,2002-10-08,BQ2,ca_mgl,5.868
2002-08-06,2002-10-08,BQ2,mg_mgl,2.622
2002-08-06,2002-10-08,BQ2,nh4_ugl,12.5
2002-08-06,2002-10-08,BQ2,no3_ugl,125.4
2002-10-08,2002-12-10,BQ2,k_mgl,0.91
2002-10-08,2002-12-10,BQ2,ca_mgl,5.771111111111111
2002-10-08,2002-12-10,BQ2,mg_mgl,2.6222222222222222
2002-10-08,2002-12-10,BQ2,nh4_ugl,11
2002-10-08,2002-12-10,BQ2,no3_ugl,119.44444444444444
2002-12-10,2003-02-11,BQ2,k_mgl,0.8911111111111111
2002-12-10,2003-02-11,BQ2,ca_mgl,5.497777777777777
2002-12-10,2003-02-11,BQ2,mg_mgl,2.5733333333333333
2002-12-10,2003-02-11,BQ2,nh4_ugl,10.88888888888889
2002-12-10,2003-02-11,BQ2,no3_ugl,152.66666666666666
2003-02-11,2003-04-15,BQ2,k_mgl,0.9666666666666667
2003-02-11,2003-04-15,BQ2,ca_mgl,6.912222222222223
2003-02-11,2003-04-15,BQ2,mg_mgl,3.0477777777777777
2003-02-11,2003-04-15,BQ2,nh4_ugl,10.5
2003-02-11,2003-04-15,BQ2,no3_ugl,139.88888888888889
2003-04-15,2003-06-17,BQ2,k_mgl,1.16
2003-04-15,2003-06-17,BQ2,ca_mgl,4.561111111111111
2003-04-15,2003-06-17,BQ2,mg_mgl,2.42
2003-04-15,2003-06-17,BQ2,nh4_ugl,10
2003-04-15,2003-06-17,BQ2,no3_ugl,173.77777777777777
2003-06-17,2003-08-19,BQ2,k_mgl,1.1133333333333333
2003-06-17,2003-08-19,BQ2,ca_mgl,4.756666666666667
2003-06-17,2003-08-19,BQ2,mg_mgl,2.723333333333333
2003-06-17,2003-08-19,BQ2,nh4_ugl,7.857142857142857
2003-06-17,2003-08-19,BQ2,no3_ugl,169
2003-08-19,2003-10-21,BQ2,k_mgl,1.021111111111111
2003-08-19,2003-10-21,BQ2,ca_mgl,4.864444444444445
2003-08-19,2003-10-21,BQ2,mg_mgl,2.2755555555555556
2003-08-19,2003-10-21,BQ2,nh4_ugl,16.666666666666668
2003-08-19,2003-10-21,BQ2,no3_ugl,158
2003-10-21,2003-12-23,BQ2,k_mgl,1.0466666666666666
2003-10-21,2003-12-23,BQ2,ca_mgl,5.4366666666666665
2003-10-21,2003-12-23,BQ2,mg_mgl,2.53
2003-10-21,2003-12-23,BQ2,nh4_ugl,9.25
2003-10-21,2003-12-23,BQ2,no3_ugl,183.33333333333334
2003-12-23,2004-02-24,BQ2,k_mgl,0.9655555555555556
2003-12-23,2004-02-24,BQ2,ca_mgl,5.512222222222222
2003-12-23,2004-02-24,BQ2,mg_mgl,2.5166666666666666
2003-12-23,2004-02-24,BQ2,nh4_ugl,11
2003-12-23,2004-02-24,BQ2,no3_ugl,160.33333333333334
2004-02-24,2004-04-27,BQ2,k_mgl,1.0577777777777777
2004-02-24,2004-04-27,BQ2,ca_mgl,5.412222222222222
2004-02-24,2004-04-27,BQ2,mg_mgl,2.6055555555555556
2004-02-24,2004-04-27,BQ2,nh4_ugl,12.8
2004-02-24,2004-04-27,BQ2,no3_ugl,154.55555555555554
2004-04-27,2004-06-29,BQ2,k_mgl,1.018888888888889
2004-04-27,2004-06-29,BQ2,ca_mgl,4.624444444444444
2004-04-27,2004-06-29,BQ2,mg_mgl,2.3266666666666667
2004-04-27,2004-06-29,BQ2,nh4_ugl,15
2004-04-27,2004-06-29,BQ2,no3_ugl,173.33333333333334
2004-06-29,2004-08-31,BQ2,k_mgl,1.3466666666666667
2004-06-29,2004-08-31,BQ2,ca_mgl,6.806666666666667
2004-06-29,2004-08-31,BQ2,mg_mgl,3.3955555555555557
2004-06-29,2004-08-31,BQ2,nh4_ugl,11.5
2004-06-29,2004-08-31,BQ2,no3_ugl,99.88888888888889
2004-08-31,2004-11-02,BQ2,k_mgl,1.03
2004-08-31,2004-11-02,BQ2,ca_mgl,5.476666666666667
2004-08-31,2004-11-02,BQ2,mg_mgl,2.598888888888889
2004-08-31,2004-11-02,BQ2,nh4_ugl,9.5
2004-08-31,2004-11-02,BQ2,no3_ugl,149.42857142857142
2004-11-02,2005-01-04,BQ2,k_mgl,0.9266666666666666
2004-11-02,2005-01-04,BQ2,ca_mgl,5.376666666666667
2004-11-02,2005-01-04,BQ2,mg_mgl,2.4444444444444446
2004-11-02,2005-01-04,BQ2,nh4_ugl,12
2004-11-02,2005-01-04,BQ2,no3_ugl,113.44444444444444
2005-01-04,2005-03-08,BQ2,k_mgl,0.7811111111111111
2005-01-04,2005-03-08,BQ2,ca_mgl,5.996666666666667
2005-01-04,2005-03-08,BQ2,mg_mgl,2.8622222222222224
2005-01-04,2005-03-08,BQ2,nh4_ugl,6
2005-01-04,2005-03-08,BQ2,no3_ugl,152
2005-03-08,2005-05-10,BQ2,k_mgl,0.8688888888888889
2005-03-08,2005-05-10,BQ2,ca_mgl,6.101111111111111
2005-03-08,2005-05-10,BQ2,mg_mgl,2.891111111111111
2005-03-08,2005-05-10,BQ2,nh4_ugl,9.333333333333334
2005-03-08,2005-05-10,BQ2,no3_ugl,145.11111111111111
2005-05-10,2005-07-12,BQ2,k_mgl,0.9288888888888889
2005-05-10,2005-07-12,BQ2,ca_mgl,5.467777777777778
2005-05-10,2005-07-12,BQ2,mg_mgl,2.551111111111111
2005-05-10,2005-07-12,BQ2,nh4_ugl,15
2005-05-10,2005-07-12,BQ2,no3_ugl,110.25
2005-07-12,2005-09-13,BQ2,k_mgl,0.75
2005-07-12,2005-09-13,BQ2,ca_mgl,5.82
2005-07-12,2005-09-13,BQ2,mg_mgl,2.608888888888889
2005-07-12,2005-09-13,BQ2,nh4_ugl,8
2005-07-12,2005-09-13,BQ2,no3_ugl,101.5
2005-09-13,2005-11-15,BQ2,k_mgl,0.8177777777777778
2005-09-13,2005-11-15,BQ2,ca_mgl,5.4688888888888885
2005-09-13,2005-11-15,BQ2,mg_mgl,2.517777777777778
2005-09-13,2005-11-15,BQ2,nh4_ugl,12
2005-09-13,2005-11-15,BQ2,no3_ugl,126.33333333333333
2005-11-15,2006-01-17,BQ2,k_mgl,0.7533333333333333
2005-11-15,2006-01-17,BQ2,ca_mgl,6.133333333333333
2005-11-15,2006-01-17,BQ2,mg_mgl,2.796666666666667
2005-11-15,2006-01-17,BQ2,nh4_ugl,8
2005-11-15,2006-01-17,BQ2,no3_ugl,136.77777777777777
2006-01-17,2006-03-21,BQ2,k_mgl,0.7966666666666666
2006-01-17,2006-03-21,BQ2,ca_mgl,5.5
2006-01-17,2006-03-21,BQ2,mg_mgl,2.678888888888889
2006-01-17,2006-03-21,BQ2,nh4_ugl,9
2006-01-17,2006-03-21,BQ2,no3_ugl,123.77777777777777
2006-03-21,2006-05-23,BQ2,k_mgl,0.8377777777777778
2006-03-21,2006-05-23,BQ2,ca_mgl,6.1433333333333335
2006-03-21,2006-05-23,BQ2,mg_mgl,2.7888888888888888
2006-03-21,2006-05-23,BQ2,nh4_ugl,NA
2006-03-21,2006-05-23,BQ2,no3_ugl,106.55555555555556
2006-05-23,2006-07-25,BQ2,k_mgl,0.875
2006-05-23,2006-07-25,BQ2,ca_mgl,5.594444444444444
2006-05-23,2006-07-25,BQ2,mg_mgl,2.6133333333333333
2006-05-23,2006-07-25,BQ2,nh4_ugl,NA
2006-05-23,2006-07-25,BQ2,no3_ugl,145.11111111111111
2006-07-25,2006-09-26,BQ2,k_mgl,0.8577777777777778
2006-07-25,2006-09-26,BQ2,ca_mgl,6.7700000000000005
2006-07-25,2006-09-26,BQ2,mg_mgl,2.922222222222222
2006-07-25,2006-09-26,BQ2,nh4_ugl,6.5
2006-07-25,2006-09-26,BQ2,no3_ugl,139.83333333333334
2006-09-26,2006-11-28,BQ2,k_mgl,0.8788888888888889
2006-09-26,2006-11-28,BQ2,ca_mgl,6
2006-09-26,2006-11-28,BQ2,mg_mgl,2.5322222222222224
2006-09-26,2006-11-28,BQ2,nh4_ugl,25.5
2006-09-26,2006-11-28,BQ2,no3_ugl,100.22222222222223
2006-11-28,2007-01-30,BQ2,k_mgl,0.8666666666666667
2006-11-28,2007-01-30,BQ2,ca_mgl,6.492222222222222
2006-11-28,2007-01-30,BQ2,mg_mgl,2.8344444444444443
2006-11-28,2007-01-30,BQ2,nh4_ugl,8.5
2006-11-28,2007-01-30,BQ2,no3_ugl,130.55555555555554
2007-01-30,2007-04-03,BQ2,k_mgl,0.8911111111111111
2007-01-30,2007-04-03,BQ2,ca_mgl,6.456666666666667
2007-01-30,2007-04-03,BQ2,mg_mgl,3.1355555555555554
2007-01-30,2007-04-03,BQ2,nh4_ugl,11.666666666666666
2007-01-30,2007-04-03,BQ2,no3_ugl,130
2007-04-03,2007-06-05,BQ2,k_mgl,0.8477777777777777
2007-04-03,2007-06-05,BQ2,ca_mgl,5.061111111111111
2007-04-03,2007-06-05,BQ2,mg_mgl,2.647777777777778
2007-04-03,2007-06-05,BQ2,nh4_ugl,5.75
2007-04-03,2007-06-05,BQ2,no3_ugl,99.71428571428572
2007-06-05,2007-08-07,BQ2,k_mgl,0.89
2007-06-05,2007-08-07,BQ2,ca_mgl,6.087777777777778
2007-06-05,2007-08-07,BQ2,mg_mgl,2.908888888888889
2007-06-05,2007-08-07,BQ2,nh4_ugl,6
2007-06-05,2007-08-07,BQ2,no3_ugl,118.22222222222223
2007-08-07,2007-10-09,BQ2,k_mgl,0.8411111111111111
2007-08-07,2007-10-09,BQ2,ca_mgl,5.9511111111111115
2007-08-07,2007-10-09,BQ2,mg_mgl,2.756666666666667
2007-08-07,2007-10-09,BQ2,nh4_ugl,12.333333333333334
2007-08-07,2007-10-09,BQ2,no3_ugl,92.77777777777777
2007-10-09,2007-12-11,BQ2,k_mgl,0.8077777777777778
2007-10-09,2007-12-11,BQ2,ca_mgl,5.7588888888888885
2007-10-09,2007-12-11,BQ2,mg_mgl,2.641111111111111
2007-10-09,2007-12-11,BQ2,nh4_ugl,6.2
2007-10-09,2007-12-11,BQ2,no3_ugl,154.66666666666666
2007-12-11,2008-02-12,BQ2,k_mgl,0.8875
2007-12-11,2008-02-12,BQ2,ca_mgl,6.555
2007-12-11,2008-02-12,BQ2,mg_mgl,2.995
2007-12-11,2008-02-12,BQ2,nh4_ugl,7
2007-12-11,2008-02-12,BQ2,no3_ugl,118.5
2008-02-12,2008-04-15,BQ2,k_mgl,0.8666666666666667
2008-02-12,2008-04-15,BQ2,ca_mgl,6.342222222222222
2008-02-12,2008-04-15,BQ2,mg_mgl,3.148888888888889
2008-02-12,2008-04-15,BQ2,nh4_ugl,9.166666666666666
2008-02-12,2008-04-15,BQ2,no3_ugl,108.11111111111111
2008-04-15,2008-06-17,BQ2,k_mgl,0.9177777777777778
2008-04-15,2008-06-17,BQ2,ca_mgl,6.631111111111111
2008-04-15,2008-06-17,BQ2,mg_mgl,2.9444444444444446
2008-04-15,2008-06-17,BQ2,nh4_ugl,NA
2008-04-15,2008-06-17,BQ2,no3_ugl,92.55555555555556
2008-06-17,2008-08-19,BQ2,k_mgl,0.8975
2008-06-17,2008-08-19,BQ2,ca_mgl,6.7
2008-06-17,2008-08-19,BQ2,mg_mgl,3.2975000000000003
2008-06-17,2008-08-19,BQ2,nh4_ugl,12.5
2008-06-17,2008-08-19,BQ2,no3_ugl,119.25
2008-08-19,2008-10-21,BQ2,k_mgl,0.8377777777777777
2008-08-19,2008-10-21,BQ2,ca_mgl,5.502222222222223
2008-08-19,2008-10-21,BQ2,mg_mgl,2.898888888888889
2008-08-19,2008-10-21,BQ2,nh4_ugl,13
2008-08-19,2008-10-21,BQ2,no3_ugl,111.88888888888889
2008-10-21,2008-12-23,BQ2,k_mgl,0.7355555555555555
2008-10-21,2008-12-23,BQ2,ca_mgl,6.203333333333333
2008-10-21,2008-12-23,BQ2,mg_mgl,3.37
2008-10-21,2008-12-23,BQ2,nh4_ugl,8
2008-10-21,2008-12-23,BQ2,no3_ugl,128.22222222222223
2008-12-23,2009-02-24,BQ2,k_mgl,0.8355555555555555
2008-12-23,2009-02-24,BQ2,ca_mgl,7.202222222222223
2008-12-23,2009-02-24,BQ2,mg_mgl,3.1566666666666667
2008-12-23,2009-02-24,BQ2,nh4_ugl,9.75
2008-12-23,2009-02-24,BQ2,no3_ugl,121
2009-02-24,2009-04-28,BQ2,k_mgl,0.9222222222222222
2009-02-24,2009-04-28,BQ2,ca_mgl,7.966666666666667
2009-02-24,2009-04-28,BQ2,mg_mgl,3.3066666666666666
2009-02-24,2009-04-28,BQ2,nh4_ugl,13
2009-02-24,2009-04-28,BQ2,no3_ugl,134.66666666666666
2009-04-28,2009-06-30,BQ2,k_mgl,0.9711111111111111
2009-04-28,2009-06-30,BQ2,ca_mgl,6.076666666666667
2009-04-28,2009-06-30,BQ2,mg_mgl,2.8022222222222224
2009-04-28,2009-06-30,BQ2,nh4_ugl,9
2009-04-28,2009-06-30,BQ2,no3_ugl,100.66666666666667
2009-06-30,2009-09-01,BQ2,k_mgl,0.9544444444444444
2009-06-30,2009-09-01,BQ2,ca_mgl,6.183333333333334
2009-06-30,2009-09-01,BQ2,mg_mgl,2.993333333333333
2009-06-30,2009-09-01,BQ2,nh4_ugl,13.333333333333334
2009-06-30,2009-09-01,BQ2,no3_ugl,108.22222222222223
2009-09-01,2009-11-03,BQ2,k_mgl,0.9355555555555556
2009-09-01,2009-11-03,BQ2,ca_mgl,6.763333333333334
2009-09-01,2009-11-03,BQ2,mg_mgl,2.8533333333333335
2009-09-01,2009-11-03,BQ2,nh4_ugl,7
2009-09-01,2009-11-03,BQ2,no3_ugl,86
2009-11-03,2010-01-05,BQ2,k_mgl,0.9355555555555556
2009-11-03,2010-01-05,BQ2,ca_mgl,6.624444444444444
2009-11-03,2010-01-05,BQ2,mg_mgl,2.8655555555555554
2009-11-03,2010-01-05,BQ2,nh4_ugl,9
2009-11-03,2010-01-05,BQ2,no3_ugl,106.75
2010-01-05,2010-03-09,BQ2,k_mgl,0.8266666666666667
2010-01-05,2010-03-09,BQ2,ca_mgl,6.915555555555556
2010-01-05,2010-03-09,BQ2,mg_mgl,2.9122222222222223
2010-01-05,2010-03-09,BQ2,nh4_ugl,21
2010-01-05,2010-03-09,BQ2,no3_ugl,118.33333333333333
2010-03-09,2010-05-11,BQ2,k_mgl,0.7422222222222222
2010-03-09,2010-05-11,BQ2,ca_mgl,6.372222222222222
2010-03-09,2010-05-11,BQ2,mg_mgl,2.8966666666666665
2010-03-09,2010-05-11,BQ2,nh4_ugl,18.25
2010-03-09,2010-05-11,BQ2,no3_ugl,95.66666666666667
2010-05-11,2010-07-13,BQ2,k_mgl,0.8088888888888889
2010-05-11,2010-07-13,BQ2,ca_mgl,5.928888888888889
2010-05-11,2010-07-13,BQ2,mg_mgl,2.668888888888889
2010-05-11,2010-07-13,BQ2,nh4_ugl,6.333333333333333
2010-05-11,2010-07-13,BQ2,no3_ugl,110.33333333333333
2010-07-13,2010-09-14,BQ2,k_mgl,0.84625
2010-07-13,2010-09-14,BQ2,ca_mgl,5.72875
2010-07-13,2010-09-14,BQ2,mg_mgl,2.53375
2010-07-13,2010-09-14,BQ2,nh4_ugl,12.4
2010-07-13,2010-09-14,BQ2,no3_ugl,114
2010-09-14,2010-11-16,BQ2,k_mgl,1.1275
2010-09-14,2010-11-16,BQ2,ca_mgl,6.0625
2010-09-14,2010-11-16,BQ2,mg_mgl,2.70125
2010-09-14,2010-11-16,BQ2,nh4_ugl,7.75
2010-09-14,2010-11-16,BQ2,no3_ugl,169.11111111111111
2010-11-16,2011-01-18,BQ2,k_mgl,1.1300000000000001
2010-11-16,2011-01-18,BQ2,ca_mgl,6.386666666666667
2010-11-16,2011-01-18,BQ2,mg_mgl,2.9144444444444444
2010-11-16,2011-01-18,BQ2,nh4_ugl,10.666666666666666
2010-11-16,2011-01-18,BQ2,no3_ugl,107.125
2011-01-18,2011-03-22,BQ2,k_mgl,0.7266666666666667
2011-01-18,2011-03-22,BQ2,ca_mgl,7.401111111111111
2011-01-18,2011-03-22,BQ2,mg_mgl,2.98
2011-01-18,2011-03-22,BQ2,nh4_ugl,19
2011-01-18,2011-03-22,BQ2,no3_ugl,114
2011-03-22,2011-05-24,BQ2,k_mgl,0.7224999999999999
2011-03-22,2011-05-24,BQ2,ca_mgl,5.3475
2011-03-22,2011-05-24,BQ2,mg_mgl,2.13
2011-03-22,2011-05-24,BQ2,nh4_ugl,NA
2011-03-22,2011-05-24,BQ2,no3_ugl,85
2011-05-24,2011-07-26,BQ2,k_mgl,0.8233333333333334
2011-05-24,2011-07-26,BQ2,ca_mgl,7.257777777777778
2011-05-24,2011-07-26,BQ2,mg_mgl,2.5166666666666666
2011-05-24,2011-07-26,BQ2,nh4_ugl,NA
2011-05-24,2011-07-26,BQ2,no3_ugl,89.125
2011-07-26,2011-09-27,BQ2,k_mgl,0.77875
2011-07-26,2011-09-27,BQ2,ca_mgl,5.8825
2011-07-26,2011-09-27,BQ2,mg_mgl,2.32625
2011-07-26,2011-09-27,BQ2,nh4_ugl,12
2011-07-26,2011-09-27,BQ2,no3_ugl,75.5
2011-09-27,2011-11-29,BQ2,k_mgl,0.8266666666666667
2011-09-27,2011-11-29,BQ2,ca_mgl,7.573333333333333
2011-09-27,2011-11-29,BQ2,mg_mgl,2.9133333333333336
2011-09-27,2011-11-29,BQ2,nh4_ugl,9.333333333333334
2011-09-27,2011-11-29,BQ2,no3_ugl,118.33333333333333
2011-11-29,2012-01-31,BQ2,k_mgl,0.7944444444444444
2011-11-29,2012-01-31,BQ2,ca_mgl,7.59
2011-11-29,2012-01-31,BQ2,mg_mgl,2.838888888888889
2011-11-29,2012-01-31,BQ2,nh4_ugl,25.333333333333332
2011-11-29,2012-01-31,BQ2,no3_ugl,134.88888888888889
2012-01-31,2012-04-03,BQ2,k_mgl,0.8322222222222222
2012-01-31,2012-04-03,BQ2,ca_mgl,7.822222222222222
2012-01-31,2012-04-03,BQ2,mg_mgl,2.973333333333333
2012-01-31,2012-04-03,BQ2,nh4_ugl,NA
2012-01-31,2012-04-03,BQ2,no3_ugl,88.42857142857143
2012-04-03,2012-06-05,BQ2,k_mgl,0.8133333333333334
2012-04-03,2012-06-05,BQ2,ca_mgl,7.281111111111111
2012-04-03,2012-06-05,BQ2,mg_mgl,2.8111111111111113
2012-04-03,2012-06-05,BQ2,nh4_ugl,NA
2012-04-03,2012-06-05,BQ2,no3_ugl,66.5
2012-06-05,2012-08-07,BQ2,k_mgl,0.7644444444444445
2012-06-05,2012-08-07,BQ2,ca_mgl,6.448888888888889
2012-06-05,2012-08-07,BQ2,mg_mgl,2.7177777777777776
2012-06-05,2012-08-07,BQ2,nh4_ugl,14.5
2012-06-05,2012-08-07,BQ2,no3_ugl,117.42857142857143
2012-08-07,2012-10-09,BQ2,k_mgl,0.7911111111111111
2012-08-07,2012-10-09,BQ2,ca_mgl,6.511111111111111
2012-08-07,2012-10-09,BQ2,mg_mgl,2.778888888888889
2012-08-07,2012-10-09,BQ2,nh4_ugl,9
2012-08-07,2012-10-09,BQ2,no3_ugl,112.75
2012-10-09,2012-12-11,BQ2,k_mgl,0.86
2012-10-09,2012-12-11,BQ2,ca_mgl,5.383333333333334
2012-10-09,2012-12-11,BQ2,mg_mgl,2.401111111111111
2012-10-09,2012-12-11,BQ2,nh4_ugl,7
2012-10-09,2012-12-11,BQ2,no3_ugl,81
2012-12-11,2013-02-12,BQ2,k_mgl,0.86
2012-12-11,2013-02-12,BQ2,ca_mgl,6.777777777777778
2012-12-11,2013-02-12,BQ2,mg_mgl,2.9033333333333333
2012-12-11,2013-02-12,BQ2,nh4_ugl,17
2012-12-11,2013-02-12,BQ2,no3_ugl,135.16666666666666
2013-02-12,2013-04-16,BQ2,k_mgl,0.8833333333333333
2013-02-12,2013-04-16,BQ2,ca_mgl,5.105555555555555
2013-02-12,2013-04-16,BQ2,mg_mgl,2.6266666666666665
2013-02-12,2013-04-16,BQ2,nh4_ugl,24
2013-02-12,2013-04-16,BQ2,no3_ugl,84.5
2013-04-16,2013-06-18,BQ2,k_mgl,0.8366666666666667
2013-04-16,2013-06-18,BQ2,ca_mgl,5.738888888888889
2013-04-16,2013-06-18,BQ2,mg_mgl,2.6144444444444446
2013-04-16,2013-06-18,BQ2,nh4_ugl,14
2013-04-16,2013-06-18,BQ2,no3_ugl,59.83333333333333
2013-06-18,2013-08-20,BQ2,k_mgl,0.65875
2013-06-18,2013-08-20,BQ2,ca_mgl,6.85
2013-06-18,2013-08-20,BQ2,mg_mgl,2.8175
2013-06-18,2013-08-20,BQ2,nh4_ugl,5.5
2013-06-18,2013-08-20,BQ2,no3_ugl,66.75
2013-08-20,2013-10-22,BQ2,k_mgl,0.6585714285714286
2013-08-20,2013-10-22,BQ2,ca_mgl,7.2785714285714285
2013-08-20,2013-10-22,BQ2,mg_mgl,2.7314285714285713
2013-08-20,2013-10-22,BQ2,nh4_ugl,8.5
2013-08-20,2013-10-22,BQ2,no3_ugl,61.33333333333333
2013-10-22,2013-12-24,BQ2,k_mgl,0.8744444444444445
2013-10-22,2013-12-24,BQ2,ca_mgl,5.98
2013-10-22,2013-12-24,BQ2,mg_mgl,2.57
2013-10-22,2013-12-24,BQ2,nh4_ugl,11.25
2013-10-22,2013-12-24,BQ2,no3_ugl,113.125
2013-12-24,2014-02-25,BQ2,k_mgl,0.8888888888888888
2013-12-24,2014-02-25,BQ2,ca_mgl,5.88
2013-12-24,2014-02-25,BQ2,mg_mgl,2.867777777777778
2013-12-24,2014-02-25,BQ2,nh4_ugl,15.333333333333332
2013-12-24,2014-02-25,BQ2,no3_ugl,138.57142857142858
2014-02-25,2014-04-29,BQ2,k_mgl,0.9355555555555556
2014-02-25,2014-04-29,BQ2,ca_mgl,7.032222222222222
2014-02-25,2014-04-29,BQ2,mg_mgl,3.5077777777777777
2014-02-25,2014-04-29,BQ2,nh4_ugl,6.666666666666667
2014-02-25,2014-04-29,BQ2,no3_ugl,128.5
2014-04-29,2014-07-01,BQ2,k_mgl,1.10875
2014-04-29,2014-07-01,BQ2,ca_mgl,6.20875
2014-04-29,2014-07-01,BQ2,mg_mgl,3.065
2014-04-29,2014-07-01,BQ2,nh4_ugl,9
2014-04-29,2014-07-01,BQ2,no3_ugl,115.5
2014-07-01,2014-09-02,BQ2,k_mgl,0.9833333333333334
2014-07-01,2014-09-02,BQ2,ca_mgl,6.622222222222222
2014-07-01,2014-09-02,BQ2,mg_mgl,3.1
2014-07-01,2014-09-02,BQ2,nh4_ugl,10.5
2014-07-01,2014-09-02,BQ2,no3_ugl,106
2014-09-02,2014-11-04,BQ2,k_mgl,0.9788888888888889
2014-09-02,2014-11-04,BQ2,ca_mgl,6.475555555555555
2014-09-02,2014-11-04,BQ2,mg_mgl,3.0933333333333333
2014-09-02,2014-11-04,BQ2,nh4_ugl,6.25
2014-09-02,2014-11-04,BQ2,no3_ugl,129.66666666666666
2014-11-04,2015-01-06,BQ2,k_mgl,0.8089999999999999
2014-11-04,2015-01-06,BQ2,ca_mgl,6.01
2014-11-04,2015-01-06,BQ2,mg_mgl,2.809
2014-11-04,2015-01-06,BQ2,nh4_ugl,6.5
2014-11-04,2015-01-06,BQ2,no3_ugl,73.16666666666667
2015-01-06,2015-03-10,BQ2,k_mgl,0.9025
2015-01-06,2015-03-10,BQ2,ca_mgl,6.66125
2015-01-06,2015-03-10,BQ2,mg_mgl,3.04375
2015-01-06,2015-03-10,BQ2,nh4_ugl,12
2015-01-06,2015-03-10,BQ2,no3_ugl,108.5
2015-03-10,2015-05-12,BQ2,k_mgl,1.04
2015-03-10,2015-05-12,BQ2,ca_mgl,7.191111111111111
2015-03-10,2015-05-12,BQ2,mg_mgl,3.477777777777778
2015-03-10,2015-05-12,BQ2,nh4_ugl,10.5
2015-03-10,2015-05-12,BQ2,no3_ugl,156
2015-05-12,2015-07-14,BQ2,k_mgl,1.2349999999999999
2015-05-12,2015-07-14,BQ2,ca_mgl,8.86
2015-05-12,2015-07-14,BQ2,mg_mgl,4.26
2015-05-12,2015-07-14,BQ2,nh4_ugl,NA
2015-05-12,2015-07-14,BQ2,no3_ugl,172
2015-07-14,2015-09-15,BQ2,k_mgl,NA
2015-07-14,2015-09-15,BQ2,ca_mgl,NA
2015-07-14,2015-09-15,BQ2,mg_mgl,NA
2015-07-14,2015-09-15,BQ2,nh4_ugl,NA
2015-07-14,2015-09-15,BQ2,no3_ugl,NA
2015-09-15,2015-11-17,BQ2,k_mgl,0.845
2015-09-15,2015-11-17,BQ2,ca_mgl,4.205
2015-09-15,2015-11-17,BQ2,mg_mgl,1.855
2015-09-15,2015-11-17,BQ2,nh4_ugl,11.5
2015-09-15,2015-11-17,BQ2,no3_ugl,200
2015-11-17,2016-01-19,BQ2,k_mgl,0.8333333333333334
2015-11-17,2016-01-19,BQ2,ca_mgl,5.252222222222223
2015-11-17,2016-01-19,BQ2,mg_mgl,2.272222222222222
2015-11-17,2016-01-19,BQ2,nh4_ugl,6.25
2015-11-17,2016-01-19,BQ2,no3_ugl,141.14285714285714
2016-01-19,2016-03-22,BQ2,k_mgl,0.8266666666666667
2016-01-19,2016-03-22,BQ2,ca_mgl,5.245
2016-01-19,2016-03-22,BQ2,mg_mgl,2.2583333333333333
2016-01-19,2016-03-22,BQ2,nh4_ugl,7
2016-01-19,2016-03-22,BQ2,no3_ugl,147.75
2016-03-22,2016-05-24,BQ2,k_mgl,0.9522222222222222
2016-03-22,2016-05-24,BQ2,ca_mgl,6.7877777777777775
2016-03-22,2016-05-24,BQ2,mg_mgl,2.7855555555555553
2016-03-22,2016-05-24,BQ2,nh4_ugl,12.5
2016-03-22,2016-05-24,BQ2,no3_ugl,112.83333333333333
2016-05-24,2016-07-26,BQ2,k_mgl,0.9011111111111111
2016-05-24,2016-07-26,BQ2,ca_mgl,6.948888888888889
2016-05-24,2016-07-26,BQ2,mg_mgl,2.8244444444444445
2016-05-24,2016-07-26,BQ2,nh4_ugl,12.25
2016-05-24,2016-07-26,BQ2,no3_ugl,135.75
2016-07-26,2016-09-27,BQ2,k_mgl,0.9655555555555556
2016-07-26,2016-09-27,BQ2,ca_mgl,6.155555555555556
2016-07-26,2016-09-27,BQ2,mg_mgl,2.5644444444444443
2016-07-26,2016-09-27,BQ2,nh4_ugl,6
2016-07-26,2016-09-27,BQ2,no3_ugl,109.125
2016-09-27,2016-11-29,BQ2,k_mgl,0.9588888888888889
2016-09-27,2016-11-29,BQ2,ca_mgl,6.616666666666666
2016-09-27,2016-11-29,BQ2,mg_mgl,2.8633333333333333
2016-09-27,2016-11-29,BQ2,nh4_ugl,NA
2016-09-27,2016-11-29,BQ2,no3_ugl,149
2016-11-29,2017-01-31,BQ2,k_mgl,0.9155555555555556
2016-11-29,2017-01-31,BQ2,ca_mgl,6.168888888888889
2016-11-29,2017-01-31,BQ2,mg_mgl,2.5566666666666666
2016-11-29,2017-01-31,BQ2,nh4_ugl,8
2016-11-29,2017-01-31,BQ2,no3_ugl,138.77777777777777
2017-01-31,2017-04-04,BQ2,k_mgl,1.0344444444444445
2017-01-31,2017-04-04,BQ2,ca_mgl,6.2
2017-01-31,2017-04-04,BQ2,mg_mgl,2.828888888888889
2017-01-31,2017-04-04,BQ2,nh4_ugl,14
2017-01-31,2017-04-04,BQ2,no3_ugl,137.55555555555554
2017-04-04,2017-06-06,BQ2,k_mgl,0.9877777777777778
2017-04-04,2017-06-06,BQ2,ca_mgl,5.764444444444445
2017-04-04,2017-06-06,BQ2,mg_mgl,2.4877777777777776
2017-04-04,2017-06-06,BQ2,nh4_ugl,12
2017-04-04,2017-06-06,BQ2,no3_ugl,126.57142857142857
2017-06-06,2017-08-08,BQ2,k_mgl,0.9666666666666667
2017-06-06,2017-08-08,BQ2,ca_mgl,6.2811111111111115
2017-06-06,2017-08-08,BQ2,mg_mgl,2.7022222222222223
2017-06-06,2017-08-08,BQ2,nh4_ugl,8
2017-06-06,2017-08-08,BQ2,no3_ugl,114.33333333333333
2017-08-08,2017-10-10,BQ2,k_mgl,1.1025
2017-08-08,2017-10-10,BQ2,ca_mgl,6.297499999999999
2017-08-08,2017-10-10,BQ2,mg_mgl,2.8575
2017-08-08,2017-10-10,BQ2,nh4_ugl,NA
2017-08-08,2017-10-10,BQ2,no3_ugl,142.25
2017-10-10,2017-12-12,BQ2,k_mgl,1.39
2017-10-10,2017-12-12,BQ2,ca_mgl,5.16
2017-10-10,2017-12-12,BQ2,mg_mgl,2.7616666666666667
2017-10-10,2017-12-12,BQ2,nh4_ugl,NA
2017-10-10,2017-12-12,BQ2,no3_ugl,269.5
2017-12-12,2018-02-13,BQ2,k_mgl,1.3
2017-12-12,2018-02-13,BQ2,ca_mgl,6.175
2017-12-12,2018-02-13,BQ2,mg_mgl,2.84125
2017-12-12,2018-02-13,BQ2,nh4_ugl,7
2017-12-12,2018-02-13,BQ2,no3_ugl,205.85714285714286
2018-02-13,2018-04-17,BQ2,k_mgl,1.1144444444444443
2018-02-13,2018-04-17,BQ2,ca_mgl,6.148888888888889
2018-02-13,2018-04-17,BQ2,mg_mgl,2.7955555555555556
2018-02-13,2018-04-17,BQ2,nh4_ugl,NA
2018-02-13,2018-04-17,BQ2,no3_ugl,141.28571428571428
2018-04-17,2018-06-19,BQ2,k_mgl,1.0922222222222222
2018-04-17,2018-06-19,BQ2,ca_mgl,6.192222222222222
2018-04-17,2018-06-19,BQ2,mg_mgl,2.771111111111111
2018-04-17,2018-06-19,BQ2,nh4_ugl,9.666666666666666
2018-04-17,2018-06-19,BQ2,no3_ugl,76.75
2018-06-19,2018-08-21,BQ2,k_mgl,1.03375
2018-06-19,2018-08-21,BQ2,ca_mgl,6.3675
2018-06-19,2018-08-21,BQ2,mg_mgl,2.8875
2018-06-19,2018-08-21,BQ2,nh4_ugl,11.8
2018-06-19,2018-08-21,BQ2,no3_ugl,70.25
2018-08-21,2018-10-23,BQ2,k_mgl,1.0433333333333334
2018-08-21,2018-10-23,BQ2,ca_mgl,5.925
2018-08-21,2018-10-23,BQ2,mg_mgl,2.675
2018-08-21,2018-10-23,BQ2,nh4_ugl,7
2018-08-21,2018-10-23,BQ2,no3_ugl,84.5
2018-10-23,2018-12-25,BQ2,k_mgl,0.9871428571428571
2018-10-23,2018-12-25,BQ2,ca_mgl,6.247142857142857
2018-10-23,2018-12-25,BQ2,mg_mgl,2.82
2018-10-23,2018-12-25,BQ2,nh4_ugl,7.5
2018-10-23,2018-12-25,BQ2,no3_ugl,142.42857142857142
2018-12-25,2019-02-26,BQ2,k_mgl,1.0571428571428572
2018-12-25,2019-02-26,BQ2,ca_mgl,6.6814285714285715
2018-12-25,2019-02-26,BQ2,mg_mgl,3.032857142857143
2018-12-25,2019-02-26,BQ2,nh4_ugl,10
2018-12-25,2019-02-26,BQ2,no3_ugl,85.2
2019-02-26,2019-04-30,BQ2,k_mgl,1.1377777777777778
2019-02-26,2019-04-30,BQ2,ca_mgl,6.747777777777777
2019-02-26,2019-04-30,BQ2,mg_mgl,3.046666666666667
2019-02-26,2019-04-30,BQ2,nh4_ugl,6.5
2019-02-26,2019-04-30,BQ2,no3_ugl,164.14285714285714
2019-04-30,2019-07-02,BQ2,k_mgl,1.12
2019-04-30,2019-07-02,BQ2,ca_mgl,6.37
2019-04-30,2019-07-02,BQ2,mg_mgl,2.832222222222222
2019-04-30,2019-07-02,BQ2,nh4_ugl,NA
2019-04-30,2019-07-02,BQ2,no3_ugl,109
2019-07-02,2019-09-03,BQ2,k_mgl,1.1077777777777778
2019-07-02,2019-09-03,BQ2,ca_mgl,5.8133333333333335
2019-07-02,2019-09-03,BQ2,mg_mgl,2.6888888888888887
2019-07-02,2019-09-03,BQ2,nh4_ugl,8
2019-07-02,2019-09-03,BQ2,no3_ugl,104.28571428571429
2019-09-03,2019-11-05,BQ2,k_mgl,1.0222222222222221
2019-09-03,2019-11-05,BQ2,ca_mgl,5.46
2019-09-03,2019-11-05,BQ2,mg_mgl,2.758888888888889
2019-09-03,2019-11-05,BQ2,nh4_ugl,NA
2019-09-03,2019-11-05,BQ2,no3_ugl,193.5
2019-11-05,2020-01-07,BQ2,k_mgl,1.2155555555555555
2019-11-05,2020-01-07,BQ2,ca_mgl,5.626666666666667
2019-11-05,2020-01-07,BQ2,mg_mgl,2.75
2019-11-05,2020-01-07,BQ2,nh4_ugl,7.6
2019-11-05,2020-01-07,BQ2,no3_ugl,239.625
2020-01-07,2020-03-10,BQ2,k_mgl,1.1144444444444443
2020-01-07,2020-03-10,BQ2,ca_mgl,5.387777777777778
2020-01-07,2020-03-10,BQ2,mg_mgl,2.6944444444444446
2020-01-07,2020-03-10,BQ2,nh4_ugl,9.666666666666666
2020-01-07,2020-03-10,BQ2,no3_ugl,276.1111111111111
2020-03-10,2020-05-12,BQ2,k_mgl,1.22
2020-03-10,2020-05-12,BQ2,ca_mgl,7.965
2020-03-10,2020-05-12,BQ2,mg_mgl,3.205
2020-03-10,2020-05-12,BQ2,nh4_ugl,7
2020-03-10,2020-05-12,BQ2,no3_ugl,251.5
2020-05-12,2020-07-14,BQ2,k_mgl,1.35
2020-05-12,2020-07-14,BQ2,ca_mgl,4.19
2020-05-12,2020-07-14,BQ2,mg_mgl,1.85
2020-05-12,2020-07-14,BQ2,nh4_ugl,29
2020-05-12,2020-07-14,BQ2,no3_ugl,133
2020-07-14,2020-09-15,BQ2,k_mgl,1.1028571428571428
2020-07-14,2020-09-15,BQ2,ca_mgl,5.627142857142857
2020-07-14,2020-09-15,BQ2,mg_mgl,2.6357142857142857
2020-07-14,2020-09-15,BQ2,nh4_ugl,8.4
2020-07-14,2020-09-15,BQ2,no3_ugl,144.14285714285714
2020-09-15,2020-11-17,BQ2,k_mgl,1.125
2020-09-15,2020-11-17,BQ2,ca_mgl,5.40875
2020-09-15,2020-11-17,BQ2,mg_mgl,2.91875
2020-09-15,2020-11-17,BQ2,nh4_ugl,8.5
2020-09-15,2020-11-17,BQ2,no3_ugl,221
2020-11-17,2021-01-19,BQ2,k_mgl,1.0971428571428572
2020-11-17,2021-01-19,BQ2,ca_mgl,6.815714285714286
2020-11-17,2021-01-19,BQ2,mg_mgl,3.0957142857142856
2020-11-17,2021-01-19,BQ2,nh4_ugl,10
2020-11-17,2021-01-19,BQ2,no3_ugl,256.14285714285717
1986-05-20,1986-07-22,BQ3,k_mgl,0.7033333333333333
1986-05-20,1986-07-22,BQ3,ca_mgl,3.9533333333333336
1986-05-20,1986-07-22,BQ3,mg_mgl,3.4333333333333336
1986-05-20,1986-07-22,BQ3,nh4_ugl,NA
1986-05-20,1986-07-22,BQ3,no3_ugl,119.66666666666667
1986-07-22,1986-09-23,BQ3,k_mgl,NA
1986-07-22,1986-09-23,BQ3,ca_mgl,NA
1986-07-22,1986-09-23,BQ3,mg_mgl,NA
1986-07-22,1986-09-23,BQ3,nh4_ugl,NA
1986-07-22,1986-09-23,BQ3,no3_ugl,NA
1986-09-23,1986-11-25,BQ3,k_mgl,0.566
1986-09-23,1986-11-25,BQ3,ca_mgl,3.606
1986-09-23,1986-11-25,BQ3,mg_mgl,2.606
1986-09-23,1986-11-25,BQ3,nh4_ugl,24.6
1986-09-23,1986-11-25,BQ3,no3_ugl,161.5
1986-11-25,1987-01-27,BQ3,k_mgl,0.56
1986-11-25,1987-01-27,BQ3,ca_mgl,3.462222222222222
1986-11-25,1987-01-27,BQ3,mg_mgl,2.738888888888889
1986-11-25,1987-01-27,BQ3,nh4_ugl,17
1986-11-25,1987-01-27,BQ3,no3_ugl,197.88888888888889
1987-01-27,1987-03-31,BQ3,k_mgl,0.6222222222222222
1987-01-27,1987-03-31,BQ3,ca_mgl,3.7266666666666666
1987-01-27,1987-03-31,BQ3,mg_mgl,3.0477777777777777
1987-01-27,1987-03-31,BQ3,nh4_ugl,14.571428571428571
1987-01-27,1987-03-31,BQ3,no3_ugl,193.77777777777777
1987-03-31,1987-06-02,BQ3,k_mgl,0.6922222222222222
1987-03-31,1987-06-02,BQ3,ca_mgl,3.428888888888889
1987-03-31,1987-06-02,BQ3,mg_mgl,2.4544444444444444
1987-03-31,1987-06-02,BQ3,nh4_ugl,46
1987-03-31,1987-06-02,BQ3,no3_ugl,182.11111111111111
1987-06-02,1987-08-04,BQ3,k_mgl,0.6666666666666666
1987-06-02,1987-08-04,BQ3,ca_mgl,3.621111111111111
1987-06-02,1987-08-04,BQ3,mg_mgl,2.4044444444444446
1987-06-02,1987-08-04,BQ3,nh4_ugl,80.88888888888889
1987-06-02,1987-08-04,BQ3,no3_ugl,175.22222222222223
1987-08-04,1987-10-06,BQ3,k_mgl,0.7055555555555555
1987-08-04,1987-10-06,BQ3,ca_mgl,3.9033333333333333
1987-08-04,1987-10-06,BQ3,mg_mgl,2.948888888888889
1987-08-04,1987-10-06,BQ3,nh4_ugl,19.75
1987-08-04,1987-10-06,BQ3,no3_ugl,240.375
1987-10-06,1987-12-08,BQ3,k_mgl,0.577
1987-10-06,1987-12-08,BQ3,ca_mgl,3.079
1987-10-06,1987-12-08,BQ3,mg_mgl,2.106
1987-10-06,1987-12-08,BQ3,nh4_ugl,11.714285714285714
1987-10-06,1987-12-08,BQ3,no3_ugl,209.7
1987-12-08,1988-02-09,BQ3,k_mgl,0.7106666666666667
1987-12-08,1988-02-09,BQ3,ca_mgl,3.248
1987-12-08,1988-02-09,BQ3,mg_mgl,2.306
1987-12-08,1988-02-09,BQ3,nh4_ugl,30.823529411764703
1987-12-08,1988-02-09,BQ3,no3_ugl,162.5
1988-02-09,1988-04-12,BQ3,k_mgl,0.5833333333333334
1988-02-09,1988-04-12,BQ3,ca_mgl,3.462222222222222
1988-02-09,1988-04-12,BQ3,mg_mgl,2.7488888888888887
1988-02-09,1988-04-12,BQ3,nh4_ugl,22.444444444444443
1988-02-09,1988-04-12,BQ3,no3_ugl,194.77777777777777
1988-04-12,1988-06-14,BQ3,k_mgl,0.658
1988-04-12,1988-06-14,BQ3,ca_mgl,2.8810000000000002
1988-04-12,1988-06-14,BQ3,mg_mgl,2.3890000000000002
1988-04-12,1988-06-14,BQ3,nh4_ugl,46.2
1988-04-12,1988-06-14,BQ3,no3_ugl,198.6
1988-06-14,1988-08-16,BQ3,k_mgl,0.677
1988-06-14,1988-08-16,BQ3,ca_mgl,2.896
1988-06-14,1988-08-16,BQ3,mg_mgl,2.584
1988-06-14,1988-08-16,BQ3,nh4_ugl,28
1988-06-14,1988-08-16,BQ3,no3_ugl,NA
1988-08-16,1988-10-18,BQ3,k_mgl,0.5984615384615385
1988-08-16,1988-10-18,BQ3,ca_mgl,2.786153846153846
1988-08-16,1988-10-18,BQ3,mg_mgl,2.1923076923076925
1988-08-16,1988-10-18,BQ3,nh4_ugl,42.2
1988-08-16,1988-10-18,BQ3,no3_ugl,140.85714285714286
1988-10-18,1988-12-20,BQ3,k_mgl,0.7075
1988-10-18,1988-12-20,BQ3,ca_mgl,3.7885714285714287
1988-10-18,1988-12-20,BQ3,mg_mgl,2.6574999999999998
1988-10-18,1988-12-20,BQ3,nh4_ugl,57
1988-10-18,1988-12-20,BQ3,no3_ugl,184
1988-12-20,1989-02-21,BQ3,k_mgl,0.7922222222222223
1988-12-20,1989-02-21,BQ3,ca_mgl,3.87
1988-12-20,1989-02-21,BQ3,mg_mgl,2.761111111111111
1988-12-20,1989-02-21,BQ3,nh4_ugl,NA
1988-12-20,1989-02-21,BQ3,no3_ugl,188.88888888888889
1989-02-21,1989-04-25,BQ3,k_mgl,0.6988888888888889
1989-02-21,1989-04-25,BQ3,ca_mgl,3.668888888888889
1989-02-21,1989-04-25,BQ3,mg_mgl,2.716666666666667
1989-02-21,1989-04-25,BQ3,nh4_ugl,NA
1989-02-21,1989-04-25,BQ3,no3_ugl,158.22222222222223
1989-04-25,1989-06-27,BQ3,k_mgl,0.7544444444444445
1989-04-25,1989-06-27,BQ3,ca_mgl,4.1755555555555555
1989-04-25,1989-06-27,BQ3,mg_mgl,2.9
1989-04-25,1989-06-27,BQ3,nh4_ugl,NA
1989-04-25,1989-06-27,BQ3,no3_ugl,145.22222222222223
1989-06-27,1989-08-29,BQ3,k_mgl,0.8044444444444444
1989-06-27,1989-08-29,BQ3,ca_mgl,3.4266666666666667
1989-06-27,1989-08-29,BQ3,mg_mgl,2.626666666666667
1989-06-27,1989-08-29,BQ3,nh4_ugl,NA
1989-06-27,1989-08-29,BQ3,no3_ugl,111.22222222222223
1989-08-29,1989-10-31,BQ3,k_mgl,1.031
1989-08-29,1989-10-31,BQ3,ca_mgl,3.638
1989-08-29,1989-10-31,BQ3,mg_mgl,2.676
1989-08-29,1989-10-31,BQ3,nh4_ugl,NA
1989-08-29,1989-10-31,BQ3,no3_ugl,176.5
1989-10-31,1990-01-02,BQ3,k_mgl,1.489
1989-10-31,1990-01-02,BQ3,ca_mgl,4.354
1989-10-31,1990-01-02,BQ3,mg_mgl,3.586
1989-10-31,1990-01-02,BQ3,nh4_ugl,NA
1989-10-31,1990-01-02,BQ3,no3_ugl,424.5
1990-01-02,1990-03-06,BQ3,k_mgl,1.4577777777777778
1990-01-02,1990-03-06,BQ3,ca_mgl,5.15
1990-01-02,1990-03-06,BQ3,mg_mgl,3.61
1990-01-02,1990-03-06,BQ3,nh4_ugl,NA
1990-01-02,1990-03-06,BQ3,no3_ugl,262.375
1990-03-06,1990-05-08,BQ3,k_mgl,1.406153846153846
1990-03-06,1990-05-08,BQ3,ca_mgl,3.683076923076923
1990-03-06,1990-05-08,BQ3,mg_mgl,2.644615384615385
1990-03-06,1990-05-08,BQ3,nh4_ugl,NA
1990-03-06,1990-05-08,BQ3,no3_ugl,380.25
1990-05-08,1990-07-10,BQ3,k_mgl,1.304
1990-05-08,1990-07-10,BQ3,ca_mgl,4.443
1990-05-08,1990-07-10,BQ3,mg_mgl,3.278
1990-05-08,1990-07-10,BQ3,nh4_ugl,NA
1990-05-08,1990-07-10,BQ3,no3_ugl,308
1990-07-10,1990-09-11,BQ3,k_mgl,1.0666666666666667
1990-07-10,1990-09-11,BQ3,ca_mgl,5.423333333333333
1990-07-10,1990-09-11,BQ3,mg_mgl,3.4144444444444444
1990-07-10,1990-09-11,BQ3,nh4_ugl,NA
1990-07-10,1990-09-11,BQ3,no3_ugl,187.375
1990-09-11,1990-11-13,BQ3,k_mgl,0.9577777777777777
1990-09-11,1990-11-13,BQ3,ca_mgl,5.295555555555556
1990-09-11,1990-11-13,BQ3,mg_mgl,3.2544444444444447
1990-09-11,1990-11-13,BQ3,nh4_ugl,NA
1990-09-11,1990-11-13,BQ3,no3_ugl,114.55555555555556
1990-11-13,1991-01-15,BQ3,k_mgl,0.9927272727272728
1990-11-13,1991-01-15,BQ3,ca_mgl,4.458181818181818
1990-11-13,1991-01-15,BQ3,mg_mgl,2.8363636363636364
1990-11-13,1991-01-15,BQ3,nh4_ugl,NA
1990-11-13,1991-01-15,BQ3,no3_ugl,197.5
1991-01-15,1991-03-19,BQ3,k_mgl,0.7888888888888889
1991-01-15,1991-03-19,BQ3,ca_mgl,4.995555555555556
1991-01-15,1991-03-19,BQ3,mg_mgl,3.8155555555555556
1991-01-15,1991-03-19,BQ3,nh4_ugl,NA
1991-01-15,1991-03-19,BQ3,no3_ugl,154.28571428571428
1991-03-19,1991-05-21,BQ3,k_mgl,0.8233333333333334
1991-03-19,1991-05-21,BQ3,ca_mgl,4.322222222222222
1991-03-19,1991-05-21,BQ3,mg_mgl,3.187777777777778
1991-03-19,1991-05-21,BQ3,nh4_ugl,NA
1991-03-19,1991-05-21,BQ3,no3_ugl,82.125
1991-05-21,1991-07-23,BQ3,k_mgl,0.929
1991-05-21,1991-07-23,BQ3,ca_mgl,4.38
1991-05-21,1991-07-23,BQ3,mg_mgl,3.391
1991-05-21,1991-07-23,BQ3,nh4_ugl,NA
1991-05-21,1991-07-23,BQ3,no3_ugl,87.25
1991-07-23,1991-09-24,BQ3,k_mgl,0.98
1991-07-23,1991-09-24,BQ3,ca_mgl,4.54
1991-07-23,1991-09-24,BQ3,mg_mgl,3.269
1991-07-23,1991-09-24,BQ3,nh4_ugl,NA
1991-07-23,1991-09-24,BQ3,no3_ugl,107.1
1991-09-24,1991-11-26,BQ3,k_mgl,0.8916666666666667
1991-09-24,1991-11-26,BQ3,ca_mgl,4.235833333333333
1991-09-24,1991-11-26,BQ3,mg_mgl,3.0091666666666668
1991-09-24,1991-11-26,BQ3,nh4_ugl,NA
1991-09-24,1991-11-26,BQ3,no3_ugl,147.91666666666666
1991-11-26,1992-01-28,BQ3,k_mgl,0.9144444444444445
1991-11-26,1992-01-28,BQ3,ca_mgl,4.552222222222222
1991-11-26,1992-01-28,BQ3,mg_mgl,3.0955555555555554
1991-11-26,1992-01-28,BQ3,nh4_ugl,NA
1991-11-26,1992-01-28,BQ3,no3_ugl,216.77777777777777
1992-01-28,1992-03-31,BQ3,k_mgl,1.159
1992-01-28,1992-03-31,BQ3,ca_mgl,5.371
1992-01-28,1992-03-31,BQ3,mg_mgl,3.3930000000000002
1992-01-28,1992-03-31,BQ3,nh4_ugl,NA
1992-01-28,1992-03-31,BQ3,no3_ugl,167.11111111111111
1992-03-31,1992-06-02,BQ3,k_mgl,0.9644444444444444
1992-03-31,1992-06-02,BQ3,ca_mgl,5.408888888888889
1992-03-31,1992-06-02,BQ3,mg_mgl,3.088888888888889
1992-03-31,1992-06-02,BQ3,nh4_ugl,NA
1992-03-31,1992-06-02,BQ3,no3_ugl,80
1992-06-02,1992-08-04,BQ3,k_mgl,0.9077777777777778
1992-06-02,1992-08-04,BQ3,ca_mgl,4.177777777777778
1992-06-02,1992-08-04,BQ3,mg_mgl,2.8355555555555556
1992-06-02,1992-08-04,BQ3,nh4_ugl,NA
1992-06-02,1992-08-04,BQ3,no3_ugl,74.11111111111111
1992-08-04,1992-10-06,BQ3,k_mgl,1.1233333333333333
1992-08-04,1992-10-06,BQ3,ca_mgl,4.372222222222223
1992-08-04,1992-10-06,BQ3,mg_mgl,2.918888888888889
1992-08-04,1992-10-06,BQ3,nh4_ugl,NA
1992-08-04,1992-10-06,BQ3,no3_ugl,49.66666666666667
1992-10-06,1992-12-08,BQ3,k_mgl,0.9655555555555556
1992-10-06,1992-12-08,BQ3,ca_mgl,4.5488888888888885
1992-10-06,1992-12-08,BQ3,mg_mgl,3.2311111111111113
1992-10-06,1992-12-08,BQ3,nh4_ugl,NA
1992-10-06,1992-12-08,BQ3,no3_ugl,51.111111111111114
1992-12-08,1993-02-09,BQ3,k_mgl,0.9722222222222222
1992-12-08,1993-02-09,BQ3,ca_mgl,4.488888888888889
1992-12-08,1993-02-09,BQ3,mg_mgl,3.358888888888889
1992-12-08,1993-02-09,BQ3,nh4_ugl,NA
1992-12-08,1993-02-09,BQ3,no3_ugl,22
1993-02-09,1993-04-13,BQ3,k_mgl,0.8233333333333334
1993-02-09,1993-04-13,BQ3,ca_mgl,4.522222222222222
1993-02-09,1993-04-13,BQ3,mg_mgl,3.256666666666667
1993-02-09,1993-04-13,BQ3,nh4_ugl,NA
1993-02-09,1993-04-13,BQ3,no3_ugl,129.5
1993-04-13,1993-06-15,BQ3,k_mgl,0.8624999999999999
1993-04-13,1993-06-15,BQ3,ca_mgl,3.9675
1993-04-13,1993-06-15,BQ3,mg_mgl,3.265
1993-04-13,1993-06-15,BQ3,nh4_ugl,NA
1993-04-13,1993-06-15,BQ3,no3_ugl,119.75
1993-06-15,1993-08-17,BQ3,k_mgl,0.8088888888888889
1993-06-15,1993-08-17,BQ3,ca_mgl,4.6066666666666665
1993-06-15,1993-08-17,BQ3,mg_mgl,2.891111111111111
1993-06-15,1993-08-17,BQ3,nh4_ugl,NA
1993-06-15,1993-08-17,BQ3,no3_ugl,65.4
1993-08-17,1993-10-19,BQ3,k_mgl,0.8633333333333334
1993-08-17,1993-10-19,BQ3,ca_mgl,4.736666666666666
1993-08-17,1993-10-19,BQ3,mg_mgl,3.39625
1993-08-17,1993-10-19,BQ3,nh4_ugl,NA
1993-08-17,1993-10-19,BQ3,no3_ugl,94.75
1993-10-19,1993-12-21,BQ3,k_mgl,0.8366666666666667
1993-10-19,1993-12-21,BQ3,ca_mgl,4.5344444444444445
1993-10-19,1993-12-21,BQ3,mg_mgl,3.013333333333333
1993-10-19,1993-12-21,BQ3,nh4_ugl,NA
1993-10-19,1993-12-21,BQ3,no3_ugl,22.25
1993-12-21,1994-02-22,BQ3,k_mgl,0.8077777777777778
1993-12-21,1994-02-22,BQ3,ca_mgl,4.054444444444444
1993-12-21,1994-02-22,BQ3,mg_mgl,2.6155555555555554
1993-12-21,1994-02-22,BQ3,nh4_ugl,NA
1993-12-21,1994-02-22,BQ3,no3_ugl,16
1994-02-22,1994-04-26,BQ3,k_mgl,0.9011111111111111
1994-02-22,1994-04-26,BQ3,ca_mgl,4.912222222222222
1994-02-22,1994-04-26,BQ3,mg_mgl,3.312222222222222
1994-02-22,1994-04-26,BQ3,nh4_ugl,NA
1994-02-22,1994-04-26,BQ3,no3_ugl,55.66666666666667
1994-04-26,1994-06-28,BQ3,k_mgl,0.8555555555555555
1994-04-26,1994-06-28,BQ3,ca_mgl,5.291111111111111
1994-04-26,1994-06-28,BQ3,mg_mgl,3.5833333333333335
1994-04-26,1994-06-28,BQ3,nh4_ugl,NA
1994-04-26,1994-06-28,BQ3,no3_ugl,17.11111111111111
1994-06-28,1994-08-30,BQ3,k_mgl,0.888
1994-06-28,1994-08-30,BQ3,ca_mgl,5
1994-06-28,1994-08-30,BQ3,mg_mgl,3.54
1994-06-28,1994-08-30,BQ3,nh4_ugl,NA
1994-06-28,1994-08-30,BQ3,no3_ugl,97.75
1994-08-30,1994-11-01,BQ3,k_mgl,0.8577777777777778
1994-08-30,1994-11-01,BQ3,ca_mgl,4.845555555555555
1994-08-30,1994-11-01,BQ3,mg_mgl,3.3277777777777775
1994-08-30,1994-11-01,BQ3,nh4_ugl,NA
1994-08-30,1994-11-01,BQ3,no3_ugl,NA
1994-11-01,1995-01-03,BQ3,k_mgl,0.8477777777777777
1994-11-01,1995-01-03,BQ3,ca_mgl,4.412222222222222
1994-11-01,1995-01-03,BQ3,mg_mgl,3.082222222222222
1994-11-01,1995-01-03,BQ3,nh4_ugl,NA
1994-11-01,1995-01-03,BQ3,no3_ugl,NA
1995-01-03,1995-03-07,BQ3,k_mgl,0.9033333333333333
1995-01-03,1995-03-07,BQ3,ca_mgl,4.972222222222222
1995-01-03,1995-03-07,BQ3,mg_mgl,3.5677777777777777
1995-01-03,1995-03-07,BQ3,nh4_ugl,NA
1995-01-03,1995-03-07,BQ3,no3_ugl,NA
1995-03-07,1995-05-09,BQ3,k_mgl,0.7542857142857143
1995-03-07,1995-05-09,BQ3,ca_mgl,4.804285714285714
1995-03-07,1995-05-09,BQ3,mg_mgl,3.3257142857142856
1995-03-07,1995-05-09,BQ3,nh4_ugl,NA
1995-03-07,1995-05-09,BQ3,no3_ugl,NA
1995-05-09,1995-07-11,BQ3,k_mgl,0.716
1995-05-09,1995-07-11,BQ3,ca_mgl,4.46
1995-05-09,1995-07-11,BQ3,mg_mgl,3.104
1995-05-09,1995-07-11,BQ3,nh4_ugl,NA
1995-05-09,1995-07-11,BQ3,no3_ugl,NA
1995-07-11,1995-09-12,BQ3,k_mgl,0.76
1995-07-11,1995-09-12,BQ3,ca_mgl,4.8149999999999995
1995-07-11,1995-09-12,BQ3,mg_mgl,3.2
1995-07-11,1995-09-12,BQ3,nh4_ugl,NA
1995-07-11,1995-09-12,BQ3,no3_ugl,NA
1995-09-12,1995-11-14,BQ3,k_mgl,NA
1995-09-12,1995-11-14,BQ3,ca_mgl,NA
1995-09-12,1995-11-14,BQ3,mg_mgl,NA
1995-09-12,1995-11-14,BQ3,nh4_ugl,NA
1995-09-12,1995-11-14,BQ3,no3_ugl,NA
1995-11-14,1996-01-16,BQ3,k_mgl,0.908
1995-11-14,1996-01-16,BQ3,ca_mgl,4.896
1995-11-14,1996-01-16,BQ3,mg_mgl,3.312
1995-11-14,1996-01-16,BQ3,nh4_ugl,NA
1995-11-14,1996-01-16,BQ3,no3_ugl,NA
1996-01-16,1996-03-19,BQ3,k_mgl,1.0255555555555556
1996-01-16,1996-03-19,BQ3,ca_mgl,5.585555555555556
1996-01-16,1996-03-19,BQ3,mg_mgl,3.9388888888888887
1996-01-16,1996-03-19,BQ3,nh4_ugl,NA
1996-01-16,1996-03-19,BQ3,no3_ugl,NA
1996-03-19,1996-05-21,BQ3,k_mgl,0.8525
1996-03-19,1996-05-21,BQ3,ca_mgl,4.78625
1996-03-19,1996-05-21,BQ3,mg_mgl,3.3537500000000002
1996-03-19,1996-05-21,BQ3,nh4_ugl,NA
1996-03-19,1996-05-21,BQ3,no3_ugl,NA
1996-05-21,1996-07-23,BQ3,k_mgl,0.9277777777777778
1996-05-21,1996-07-23,BQ3,ca_mgl,4.763333333333334
1996-05-21,1996-07-23,BQ3,mg_mgl,3.4277777777777776
1996-05-21,1996-07-23,BQ3,nh4_ugl,NA
1996-05-21,1996-07-23,BQ3,no3_ugl,NA
1996-07-23,1996-09-24,BQ3,k_mgl,0.9922222222222222
1996-07-23,1996-09-24,BQ3,ca_mgl,4.943333333333333
1996-07-23,1996-09-24,BQ3,mg_mgl,3.47
1996-07-23,1996-09-24,BQ3,nh4_ugl,NA
1996-07-23,1996-09-24,BQ3,no3_ugl,116
1996-09-24,1996-11-26,BQ3,k_mgl,0.9822222222222222
1996-09-24,1996-11-26,BQ3,ca_mgl,4.321111111111111
1996-09-24,1996-11-26,BQ3,mg_mgl,2.9744444444444444
1996-09-24,1996-11-26,BQ3,nh4_ugl,NA
1996-09-24,1996-11-26,BQ3,no3_ugl,230.33333333333334
1996-11-26,1997-01-28,BQ3,k_mgl,0.9257142857142857
1996-11-26,1997-01-28,BQ3,ca_mgl,5.094285714285714
1996-11-26,1997-01-28,BQ3,mg_mgl,3.255714285714286
1996-11-26,1997-01-28,BQ3,nh4_ugl,NA
1996-11-26,1997-01-28,BQ3,no3_ugl,209.85714285714286
1997-01-28,1997-04-01,BQ3,k_mgl,0.80375
1997-01-28,1997-04-01,BQ3,ca_mgl,4.756666666666667
1997-01-28,1997-04-01,BQ3,mg_mgl,3.198888888888889
1997-01-28,1997-04-01,BQ3,nh4_ugl,NA
1997-01-28,1997-04-01,BQ3,no3_ugl,222.125
1997-04-01,1997-06-03,BQ3,k_mgl,1.0355555555555556
1997-04-01,1997-06-03,BQ3,ca_mgl,5.162222222222222
1997-04-01,1997-06-03,BQ3,mg_mgl,3.267777777777778
1997-04-01,1997-06-03,BQ3,nh4_ugl,NA
1997-04-01,1997-06-03,BQ3,no3_ugl,189.28571428571428
1997-06-03,1997-08-05,BQ3,k_mgl,0.71
1997-06-03,1997-08-05,BQ3,ca_mgl,4.065555555555555
1997-06-03,1997-08-05,BQ3,mg_mgl,2.6222222222222222
1997-06-03,1997-08-05,BQ3,nh4_ugl,NA
1997-06-03,1997-08-05,BQ3,no3_ugl,161.66666666666666
1997-08-05,1997-10-07,BQ3,k_mgl,1.0611111111111111
1997-08-05,1997-10-07,BQ3,ca_mgl,4.761111111111111
1997-08-05,1997-10-07,BQ3,mg_mgl,3.158888888888889
1997-08-05,1997-10-07,BQ3,nh4_ugl,NA
1997-08-05,1997-10-07,BQ3,no3_ugl,149
1997-10-07,1997-12-09,BQ3,k_mgl,0.8775
1997-10-07,1997-12-09,BQ3,ca_mgl,2.84875
1997-10-07,1997-12-09,BQ3,mg_mgl,1.9566666666666666
1997-10-07,1997-12-09,BQ3,nh4_ugl,9
1997-10-07,1997-12-09,BQ3,no3_ugl,94.85714285714286
1997-12-09,1998-02-10,BQ3,k_mgl,0.5700000000000001
1997-12-09,1998-02-10,BQ3,ca_mgl,3.341666666666667
1997-12-09,1998-02-10,BQ3,mg_mgl,1.97
1997-12-09,1998-02-10,BQ3,nh4_ugl,25
1997-12-09,1998-02-10,BQ3,no3_ugl,137.16666666666666
1998-02-10,1998-04-14,BQ3,k_mgl,0.92125
1998-02-10,1998-04-14,BQ3,ca_mgl,4.174444444444444
1998-02-10,1998-04-14,BQ3,mg_mgl,2.9055555555555554
1998-02-10,1998-04-14,BQ3,nh4_ugl,6.5
1998-02-10,1998-04-14,BQ3,no3_ugl,105.33333333333333
1998-04-14,1998-06-16,BQ3,k_mgl,0.8722222222222222
1998-04-14,1998-06-16,BQ3,ca_mgl,3.2744444444444447
1998-04-14,1998-06-16,BQ3,mg_mgl,2.1555555555555554
1998-04-14,1998-06-16,BQ3,nh4_ugl,14.666666666666668
1998-04-14,1998-06-16,BQ3,no3_ugl,68.5
1998-06-16,1998-08-18,BQ3,k_mgl,0.8628571428571429
1998-06-16,1998-08-18,BQ3,ca_mgl,3.8342857142857145
1998-06-16,1998-08-18,BQ3,mg_mgl,2.557142857142857
1998-06-16,1998-08-18,BQ3,nh4_ugl,19.75
1998-06-16,1998-08-18,BQ3,no3_ugl,117.33333333333333
1998-08-18,1998-10-20,BQ3,k_mgl,0.8415384615384616
1998-08-18,1998-10-20,BQ3,ca_mgl,3.861666666666667
1998-08-18,1998-10-20,BQ3,mg_mgl,2.2984615384615386
1998-08-18,1998-10-20,BQ3,nh4_ugl,7
1998-08-18,1998-10-20,BQ3,no3_ugl,160.08333333333331
1998-10-20,1998-12-22,BQ3,k_mgl,1.2477777777777777
1998-10-20,1998-12-22,BQ3,ca_mgl,4.277777777777778
1998-10-20,1998-12-22,BQ3,mg_mgl,2.658888888888889
1998-10-20,1998-12-22,BQ3,nh4_ugl,6.666666666666667
1998-10-20,1998-12-22,BQ3,no3_ugl,465
1998-12-22,1999-02-23,BQ3,k_mgl,1.0622222222222222
1998-12-22,1999-02-23,BQ3,ca_mgl,4.298888888888889
1998-12-22,1999-02-23,BQ3,mg_mgl,2.8877777777777776
1998-12-22,1999-02-23,BQ3,nh4_ugl,18.25
1998-12-22,1999-02-23,BQ3,no3_ugl,389.55555555555554
1999-02-23,1999-04-27,BQ3,k_mgl,0.9244444444444444
1999-02-23,1999-04-27,BQ3,ca_mgl,5.156666666666666
1999-02-23,1999-04-27,BQ3,mg_mgl,3.367777777777778
1999-02-23,1999-04-27,BQ3,nh4_ugl,7.5
1999-02-23,1999-04-27,BQ3,no3_ugl,237.77777777777777
1999-04-27,1999-06-29,BQ3,k_mgl,0.9744444444444444
1999-04-27,1999-06-29,BQ3,ca_mgl,5.011111111111111
1999-04-27,1999-06-29,BQ3,mg_mgl,3.2688888888888887
1999-04-27,1999-06-29,BQ3,nh4_ugl,NA
1999-04-27,1999-06-29,BQ3,no3_ugl,155
1999-06-29,1999-08-31,BQ3,k_mgl,0.8866666666666667
1999-06-29,1999-08-31,BQ3,ca_mgl,3.7422222222222223
1999-06-29,1999-08-31,BQ3,mg_mgl,2.736666666666667
1999-06-29,1999-08-31,BQ3,nh4_ugl,7.4
1999-06-29,1999-08-31,BQ3,no3_ugl,158.88888888888889
1999-08-31,1999-11-02,BQ3,k_mgl,0.7633333333333333
1999-08-31,1999-11-02,BQ3,ca_mgl,3.9755555555555553
1999-08-31,1999-11-02,BQ3,mg_mgl,2.66
1999-08-31,1999-11-02,BQ3,nh4_ugl,7.5
1999-08-31,1999-11-02,BQ3,no3_ugl,169.88888888888889
1999-11-02,2000-01-04,BQ3,k_mgl,0.7933333333333333
1999-11-02,2000-01-04,BQ3,ca_mgl,4.06
1999-11-02,2000-01-04,BQ3,mg_mgl,2.9255555555555555
1999-11-02,2000-01-04,BQ3,nh4_ugl,5
1999-11-02,2000-01-04,BQ3,no3_ugl,228.88888888888889
2000-01-04,2000-03-07,BQ3,k_mgl,0.8633333333333333
2000-01-04,2000-03-07,BQ3,ca_mgl,4.415555555555556
2000-01-04,2000-03-07,BQ3,mg_mgl,3.1444444444444444
2000-01-04,2000-03-07,BQ3,nh4_ugl,9
2000-01-04,2000-03-07,BQ3,no3_ugl,182
2000-03-07,2000-05-09,BQ3,k_mgl,0.7233333333333334
2000-03-07,2000-05-09,BQ3,ca_mgl,5.26
2000-03-07,2000-05-09,BQ3,mg_mgl,3.522222222222222
2000-03-07,2000-05-09,BQ3,nh4_ugl,NA
2000-03-07,2000-05-09,BQ3,no3_ugl,127.625
2000-05-09,2000-07-11,BQ3,k_mgl,0.6711111111111111
2000-05-09,2000-07-11,BQ3,ca_mgl,4.467777777777778
2000-05-09,2000-07-11,BQ3,mg_mgl,3.0433333333333334
2000-05-09,2000-07-11,BQ3,nh4_ugl,7
2000-05-09,2000-07-11,BQ3,no3_ugl,106.55555555555556
2000-07-11,2000-09-12,BQ3,k_mgl,0.68
2000-07-11,2000-09-12,BQ3,ca_mgl,4.8566666666666665
2000-07-11,2000-09-12,BQ3,mg_mgl,3.121111111111111
2000-07-11,2000-09-12,BQ3,nh4_ugl,23
2000-07-11,2000-09-12,BQ3,no3_ugl,102.88888888888889
2000-09-12,2000-11-14,BQ3,k_mgl,0.7177777777777777
2000-09-12,2000-11-14,BQ3,ca_mgl,3.9955555555555557
2000-09-12,2000-11-14,BQ3,mg_mgl,2.6844444444444444
2000-09-12,2000-11-14,BQ3,nh4_ugl,10
2000-09-12,2000-11-14,BQ3,no3_ugl,132.22222222222223
2000-11-14,2001-01-16,BQ3,k_mgl,0.7144444444444444
2000-11-14,2001-01-16,BQ3,ca_mgl,4.666666666666667
2000-11-14,2001-01-16,BQ3,mg_mgl,3.062222222222222
2000-11-14,2001-01-16,BQ3,nh4_ugl,NA
2000-11-14,2001-01-16,BQ3,no3_ugl,167.5
2001-01-16,2001-03-20,BQ3,k_mgl,0.7111111111111111
2001-01-16,2001-03-20,BQ3,ca_mgl,4.881111111111111
2001-01-16,2001-03-20,BQ3,mg_mgl,3.2888888888888888
2001-01-16,2001-03-20,BQ3,nh4_ugl,10
2001-01-16,2001-03-20,BQ3,no3_ugl,129.88888888888889
2001-03-20,2001-05-22,BQ3,k_mgl,0.7244444444444444
2001-03-20,2001-05-22,BQ3,ca_mgl,4.566666666666666
2001-03-20,2001-05-22,BQ3,mg_mgl,2.971111111111111
2001-03-20,2001-05-22,BQ3,nh4_ugl,6
2001-03-20,2001-05-22,BQ3,no3_ugl,84.88888888888889
2001-05-22,2001-07-24,BQ3,k_mgl,0.77
2001-05-22,2001-07-24,BQ3,ca_mgl,4.942222222222222
2001-05-22,2001-07-24,BQ3,mg_mgl,3.2422222222222223
2001-05-22,2001-07-24,BQ3,nh4_ugl,37.5
2001-05-22,2001-07-24,BQ3,no3_ugl,100.11111111111111
2001-07-24,2001-09-25,BQ3,k_mgl,0.74625
2001-07-24,2001-09-25,BQ3,ca_mgl,4.89125
2001-07-24,2001-09-25,BQ3,mg_mgl,3.1575
2001-07-24,2001-09-25,BQ3,nh4_ugl,NA
2001-07-24,2001-09-25,BQ3,no3_ugl,86
2001-09-25,2001-11-27,BQ3,k_mgl,0.7822222222222223
2001-09-25,2001-11-27,BQ3,ca_mgl,4.648888888888889
2001-09-25,2001-11-27,BQ3,mg_mgl,2.971111111111111
2001-09-25,2001-11-27,BQ3,nh4_ugl,15
2001-09-25,2001-11-27,BQ3,no3_ugl,132.77777777777777
2001-11-27,2002-01-29,BQ3,k_mgl,0.6911111111111111
2001-11-27,2002-01-29,BQ3,ca_mgl,4.067777777777778
2001-11-27,2002-01-29,BQ3,mg_mgl,2.7333333333333334
2001-11-27,2002-01-29,BQ3,nh4_ugl,8
2001-11-27,2002-01-29,BQ3,no3_ugl,160
2002-01-29,2002-04-02,BQ3,k_mgl,0.7533333333333333
2002-01-29,2002-04-02,BQ3,ca_mgl,5.0377777777777775
2002-01-29,2002-04-02,BQ3,mg_mgl,3.1744444444444446
2002-01-29,2002-04-02,BQ3,nh4_ugl,6
2002-01-29,2002-04-02,BQ3,no3_ugl,154.33333333333334
2002-04-02,2002-06-04,BQ3,k_mgl,0.7466666666666667
2002-04-02,2002-06-04,BQ3,ca_mgl,3.951111111111111
2002-04-02,2002-06-04,BQ3,mg_mgl,2.6444444444444444
2002-04-02,2002-06-04,BQ3,nh4_ugl,6
2002-04-02,2002-06-04,BQ3,no3_ugl,96.25
2002-06-04,2002-08-06,BQ3,k_mgl,0.6844444444444444
2002-06-04,2002-08-06,BQ3,ca_mgl,4.692222222222222
2002-06-04,2002-08-06,BQ3,mg_mgl,3.1777777777777776
2002-06-04,2002-08-06,BQ3,nh4_ugl,7.166666666666667
2002-06-04,2002-08-06,BQ3,no3_ugl,110.11111111111111
2002-08-06,2002-10-08,BQ3,k_mgl,0.64
2002-08-06,2002-10-08,BQ3,ca_mgl,4.6722222222222225
2002-08-06,2002-10-08,BQ3,mg_mgl,3.147777777777778
2002-08-06,2002-10-08,BQ3,nh4_ugl,7.5
2002-08-06,2002-10-08,BQ3,no3_ugl,113.88888888888889
2002-10-08,2002-12-10,BQ3,k_mgl,0.6233333333333333
2002-10-08,2002-12-10,BQ3,ca_mgl,4.424444444444444
2002-10-08,2002-12-10,BQ3,mg_mgl,2.89
2002-10-08,2002-12-10,BQ3,nh4_ugl,5.75
2002-10-08,2002-12-10,BQ3,no3_ugl,108.44444444444444
2002-12-10,2003-02-11,BQ3,k_mgl,0.7366666666666667
2002-12-10,2003-02-11,BQ3,ca_mgl,4.552222222222222
2002-12-10,2003-02-11,BQ3,mg_mgl,2.74
2002-12-10,2003-02-11,BQ3,nh4_ugl,15
2002-12-10,2003-02-11,BQ3,no3_ugl,130.66666666666666
2003-02-11,2003-04-15,BQ3,k_mgl,0.6544444444444445
2003-02-11,2003-04-15,BQ3,ca_mgl,5.405555555555556
2003-02-11,2003-04-15,BQ3,mg_mgl,3.418888888888889
2003-02-11,2003-04-15,BQ3,nh4_ugl,6
2003-02-11,2003-04-15,BQ3,no3_ugl,97.88888888888889
2003-04-15,2003-06-17,BQ3,k_mgl,0.7055555555555556
2003-04-15,2003-06-17,BQ3,ca_mgl,3.721111111111111
2003-04-15,2003-06-17,BQ3,mg_mgl,2.5155555555555558
2003-04-15,2003-06-17,BQ3,nh4_ugl,7.2
2003-04-15,2003-06-17,BQ3,no3_ugl,114.22222222222223
2003-06-17,2003-08-19,BQ3,k_mgl,0.7644444444444445
2003-06-17,2003-08-19,BQ3,ca_mgl,4.363333333333333
2003-06-17,2003-08-19,BQ3,mg_mgl,3.0255555555555556
2003-06-17,2003-08-19,BQ3,nh4_ugl,6.75
2003-06-17,2003-08-19,BQ3,no3_ugl,124.44444444444444
2003-08-19,2003-10-21,BQ3,k_mgl,0.6711111111111111
2003-08-19,2003-10-21,BQ3,ca_mgl,3.85
2003-08-19,2003-10-21,BQ3,mg_mgl,2.4033333333333333
2003-08-19,2003-10-21,BQ3,nh4_ugl,9.571428571428571
2003-08-19,2003-10-21,BQ3,no3_ugl,123.77777777777777
2003-10-21,2003-12-23,BQ3,k_mgl,0.7444444444444445
2003-10-21,2003-12-23,BQ3,ca_mgl,4.033333333333333
2003-10-21,2003-12-23,BQ3,mg_mgl,2.5344444444444445
2003-10-21,2003-12-23,BQ3,nh4_ugl,9
2003-10-21,2003-12-23,BQ3,no3_ugl,140.22222222222223
2003-12-23,2004-02-24,BQ3,k_mgl,0.7455555555555555
2003-12-23,2004-02-24,BQ3,ca_mgl,4.201111111111111
2003-12-23,2004-02-24,BQ3,mg_mgl,2.8166666666666664
2003-12-23,2004-02-24,BQ3,nh4_ugl,7.666666666666667
2003-12-23,2004-02-24,BQ3,no3_ugl,129.375
2004-02-24,2004-04-27,BQ3,k_mgl,0.7511111111111111
2004-02-24,2004-04-27,BQ3,ca_mgl,4.434444444444445
2004-02-24,2004-04-27,BQ3,mg_mgl,2.712222222222222
2004-02-24,2004-04-27,BQ3,nh4_ugl,7.5
2004-02-24,2004-04-27,BQ3,no3_ugl,102.88888888888889
2004-04-27,2004-06-29,BQ3,k_mgl,0.8877777777777778
2004-04-27,2004-06-29,BQ3,ca_mgl,4.045555555555556
2004-04-27,2004-06-29,BQ3,mg_mgl,2.6055555555555556
2004-04-27,2004-06-29,BQ3,nh4_ugl,7.333333333333333
2004-04-27,2004-06-29,BQ3,no3_ugl,104.22222222222223
2004-06-29,2004-08-31,BQ3,k_mgl,0.9566666666666667
2004-06-29,2004-08-31,BQ3,ca_mgl,5.213333333333333
2004-06-29,2004-08-31,BQ3,mg_mgl,3.5033333333333334
2004-06-29,2004-08-31,BQ3,nh4_ugl,16
2004-06-29,2004-08-31,BQ3,no3_ugl,117.42857142857143
2004-08-31,2004-11-02,BQ3,k_mgl,0.7744444444444445
2004-08-31,2004-11-02,BQ3,ca_mgl,4.907777777777778
2004-08-31,2004-11-02,BQ3,mg_mgl,2.741111111111111
2004-08-31,2004-11-02,BQ3,nh4_ugl,16
2004-08-31,2004-11-02,BQ3,no3_ugl,118.57142857142857
2004-11-02,2005-01-04,BQ3,k_mgl,0.8544444444444445
2004-11-02,2005-01-04,BQ3,ca_mgl,4.602222222222222
2004-11-02,2005-01-04,BQ3,mg_mgl,2.6233333333333335
2004-11-02,2005-01-04,BQ3,nh4_ugl,23
2004-11-02,2005-01-04,BQ3,no3_ugl,109.375
2005-01-04,2005-03-08,BQ3,k_mgl,0.6077777777777778
2005-01-04,2005-03-08,BQ3,ca_mgl,4.702222222222222
2005-01-04,2005-03-08,BQ3,mg_mgl,2.991111111111111
2005-01-04,2005-03-08,BQ3,nh4_ugl,NA
2005-01-04,2005-03-08,BQ3,no3_ugl,121.11111111111111
2005-03-08,2005-05-10,BQ3,k_mgl,0.6322222222222222
2005-03-08,2005-05-10,BQ3,ca_mgl,4.99
2005-03-08,2005-05-10,BQ3,mg_mgl,3.1755555555555555
2005-03-08,2005-05-10,BQ3,nh4_ugl,11.666666666666666
2005-03-08,2005-05-10,BQ3,no3_ugl,87.77777777777777
2005-05-10,2005-07-12,BQ3,k_mgl,0.7988888888888889
2005-05-10,2005-07-12,BQ3,ca_mgl,4.325555555555556
2005-05-10,2005-07-12,BQ3,mg_mgl,2.7733333333333334
2005-05-10,2005-07-12,BQ3,nh4_ugl,10.333333333333334
2005-05-10,2005-07-12,BQ3,no3_ugl,86.625
2005-07-12,2005-09-13,BQ3,k_mgl,0.6044444444444445
2005-07-12,2005-09-13,BQ3,ca_mgl,4.573333333333333
2005-07-12,2005-09-13,BQ3,mg_mgl,2.8822222222222225
2005-07-12,2005-09-13,BQ3,nh4_ugl,8
2005-07-12,2005-09-13,BQ3,no3_ugl,88.375
2005-09-13,2005-11-15,BQ3,k_mgl,0.63
2005-09-13,2005-11-15,BQ3,ca_mgl,4.078888888888889
2005-09-13,2005-11-15,BQ3,mg_mgl,2.5211111111111113
2005-09-13,2005-11-15,BQ3,nh4_ugl,14
2005-09-13,2005-11-15,BQ3,no3_ugl,106
2005-11-15,2006-01-17,BQ3,k_mgl,0.595
2005-11-15,2006-01-17,BQ3,ca_mgl,4.40625
2005-11-15,2006-01-17,BQ3,mg_mgl,2.5355555555555553
2005-11-15,2006-01-17,BQ3,nh4_ugl,7
2005-11-15,2006-01-17,BQ3,no3_ugl,116.875
2006-01-17,2006-03-21,BQ3,k_mgl,0.6666666666666666
2006-01-17,2006-03-21,BQ3,ca_mgl,4.7988888888888885
2006-01-17,2006-03-21,BQ3,mg_mgl,2.867777777777778
2006-01-17,2006-03-21,BQ3,nh4_ugl,NA
2006-01-17,2006-03-21,BQ3,no3_ugl,118.77777777777777
2006-03-21,2006-05-23,BQ3,k_mgl,0.6722222222222223
2006-03-21,2006-05-23,BQ3,ca_mgl,4.851111111111111
2006-03-21,2006-05-23,BQ3,mg_mgl,3.0233333333333334
2006-03-21,2006-05-23,BQ3,nh4_ugl,NA
2006-03-21,2006-05-23,BQ3,no3_ugl,69
2006-05-23,2006-07-25,BQ3,k_mgl,0.8099999999999999
2006-05-23,2006-07-25,BQ3,ca_mgl,4.805555555555555
2006-05-23,2006-07-25,BQ3,mg_mgl,2.8755555555555556
2006-05-23,2006-07-25,BQ3,nh4_ugl,6
2006-05-23,2006-07-25,BQ3,no3_ugl,114.77777777777777
2006-07-25,2006-09-26,BQ3,k_mgl,0.711111111111111
2006-07-25,2006-09-26,BQ3,ca_mgl,5.32
2006-07-25,2006-09-26,BQ3,mg_mgl,3.106666666666667
2006-07-25,2006-09-26,BQ3,nh4_ugl,7
2006-07-25,2006-09-26,BQ3,no3_ugl,117.125
2006-09-26,2006-11-28,BQ3,k_mgl,0.6811111111111111
2006-09-26,2006-11-28,BQ3,ca_mgl,4.45
2006-09-26,2006-11-28,BQ3,mg_mgl,2.68
2006-09-26,2006-11-28,BQ3,nh4_ugl,8.25
2006-09-26,2006-11-28,BQ3,no3_ugl,90.5
2006-11-28,2007-01-30,BQ3,k_mgl,0.7233333333333333
2006-11-28,2007-01-30,BQ3,ca_mgl,5.042222222222223
2006-11-28,2007-01-30,BQ3,mg_mgl,3.0544444444444445
2006-11-28,2007-01-30,BQ3,nh4_ugl,5
2006-11-28,2007-01-30,BQ3,no3_ugl,104.55555555555556
2007-01-30,2007-04-03,BQ3,k_mgl,0.71
2007-01-30,2007-04-03,BQ3,ca_mgl,5.1866666666666665
2007-01-30,2007-04-03,BQ3,mg_mgl,3.5444444444444443
2007-01-30,2007-04-03,BQ3,nh4_ugl,6.333333333333333
2007-01-30,2007-04-03,BQ3,no3_ugl,77
2007-04-03,2007-06-05,BQ3,k_mgl,0.6788888888888889
2007-04-03,2007-06-05,BQ3,ca_mgl,4.4399999999999995
2007-04-03,2007-06-05,BQ3,mg_mgl,2.9277777777777776
2007-04-03,2007-06-05,BQ3,nh4_ugl,15.333333333333332
2007-04-03,2007-06-05,BQ3,no3_ugl,63.857142857142854
2007-06-05,2007-08-07,BQ3,k_mgl,0.7077777777777777
2007-06-05,2007-08-07,BQ3,ca_mgl,4.984444444444445
2007-06-05,2007-08-07,BQ3,mg_mgl,3.3066666666666666
2007-06-05,2007-08-07,BQ3,nh4_ugl,6
2007-06-05,2007-08-07,BQ3,no3_ugl,75.22222222222223
2007-08-07,2007-10-09,BQ3,k_mgl,0.6933333333333334
2007-08-07,2007-10-09,BQ3,ca_mgl,5.1322222222222225
2007-08-07,2007-10-09,BQ3,mg_mgl,3.152222222222222
2007-08-07,2007-10-09,BQ3,nh4_ugl,13.2
2007-08-07,2007-10-09,BQ3,no3_ugl,84.22222222222223
2007-10-09,2007-12-11,BQ3,k_mgl,0.5977777777777777
2007-10-09,2007-12-11,BQ3,ca_mgl,4.481111111111111
2007-10-09,2007-12-11,BQ3,mg_mgl,2.882222222222222
2007-10-09,2007-12-11,BQ3,nh4_ugl,11
2007-10-09,2007-12-11,BQ3,no3_ugl,128.88888888888889
2007-12-11,2008-02-12,BQ3,k_mgl,0.6928571428571428
2007-12-11,2008-02-12,BQ3,ca_mgl,5.5285714285714285
2007-12-11,2008-02-12,BQ3,mg_mgl,3.4614285714285713
2007-12-11,2008-02-12,BQ3,nh4_ugl,10.666666666666666
2007-12-11,2008-02-12,BQ3,no3_ugl,103.14285714285714
2008-02-12,2008-04-15,BQ3,k_mgl,0.68
2008-02-12,2008-04-15,BQ3,ca_mgl,5.33
2008-02-12,2008-04-15,BQ3,mg_mgl,3.5411111111111113
2008-02-12,2008-04-15,BQ3,nh4_ugl,9.2
2008-02-12,2008-04-15,BQ3,no3_ugl,70.44444444444444
2008-04-15,2008-06-17,BQ3,k_mgl,0.7011111111111111
2008-04-15,2008-06-17,BQ3,ca_mgl,5.332222222222222
2008-04-15,2008-06-17,BQ3,mg_mgl,3.243333333333333
2008-04-15,2008-06-17,BQ3,nh4_ugl,14
2008-04-15,2008-06-17,BQ3,no3_ugl,54.111111111111114
2008-06-17,2008-08-19,BQ3,k_mgl,0.71125
2008-06-17,2008-08-19,BQ3,ca_mgl,5.54875
2008-06-17,2008-08-19,BQ3,mg_mgl,3.7975
2008-06-17,2008-08-19,BQ3,nh4_ugl,6
2008-06-17,2008-08-19,BQ3,no3_ugl,82.75
2008-08-19,2008-10-21,BQ3,k_mgl,0.7455555555555556
2008-08-19,2008-10-21,BQ3,ca_mgl,4.11
2008-08-19,2008-10-21,BQ3,mg_mgl,3.051111111111111
2008-08-19,2008-10-21,BQ3,nh4_ugl,12.5
2008-08-19,2008-10-21,BQ3,no3_ugl,77.66666666666667
2008-10-21,2008-12-23,BQ3,k_mgl,0.57
2008-10-21,2008-12-23,BQ3,ca_mgl,4.641111111111111
2008-10-21,2008-12-23,BQ3,mg_mgl,3.5633333333333335
2008-10-21,2008-12-23,BQ3,nh4_ugl,15
2008-10-21,2008-12-23,BQ3,no3_ugl,99.55555555555556
2008-12-23,2009-02-24,BQ3,k_mgl,0.6344444444444445
2008-12-23,2009-02-24,BQ3,ca_mgl,5.401111111111111
2008-12-23,2009-02-24,BQ3,mg_mgl,3.4522222222222223
2008-12-23,2009-02-24,BQ3,nh4_ugl,13
2008-12-23,2009-02-24,BQ3,no3_ugl,82.5
2009-02-24,2009-04-28,BQ3,k_mgl,0.6855555555555556
2009-02-24,2009-04-28,BQ3,ca_mgl,6.147777777777778
2009-02-24,2009-04-28,BQ3,mg_mgl,3.818888888888889
2009-02-24,2009-04-28,BQ3,nh4_ugl,NA
2009-02-24,2009-04-28,BQ3,no3_ugl,55.125
2009-04-28,2009-06-30,BQ3,k_mgl,0.77
2009-04-28,2009-06-30,BQ3,ca_mgl,4.647777777777778
2009-04-28,2009-06-30,BQ3,mg_mgl,3.048888888888889
2009-04-28,2009-06-30,BQ3,nh4_ugl,NA
2009-04-28,2009-06-30,BQ3,no3_ugl,68.55555555555556
2009-06-30,2009-09-01,BQ3,k_mgl,0.7244444444444444
2009-06-30,2009-09-01,BQ3,ca_mgl,4.467777777777778
2009-06-30,2009-09-01,BQ3,mg_mgl,3.1044444444444443
2009-06-30,2009-09-01,BQ3,nh4_ugl,13.5
2009-06-30,2009-09-01,BQ3,no3_ugl,84.22222222222223
2009-09-01,2009-11-03,BQ3,k_mgl,0.7277777777777777
2009-09-01,2009-11-03,BQ3,ca_mgl,5.102222222222222
2009-09-01,2009-11-03,BQ3,mg_mgl,3.0122222222222224
2009-09-01,2009-11-03,BQ3,nh4_ugl,22.5
2009-09-01,2009-11-03,BQ3,no3_ugl,84.22222222222223
2009-11-03,2010-01-05,BQ3,k_mgl,0.7266666666666667
2009-11-03,2010-01-05,BQ3,ca_mgl,5.038888888888889
2009-11-03,2010-01-05,BQ3,mg_mgl,2.9844444444444442
2009-11-03,2010-01-05,BQ3,nh4_ugl,18
2009-11-03,2010-01-05,BQ3,no3_ugl,82.77777777777777
2010-01-05,2010-03-09,BQ3,k_mgl,0.65
2010-01-05,2010-03-09,BQ3,ca_mgl,5.017777777777778
2010-01-05,2010-03-09,BQ3,mg_mgl,2.918888888888889
2010-01-05,2010-03-09,BQ3,nh4_ugl,29
2010-01-05,2010-03-09,BQ3,no3_ugl,82
2010-03-09,2010-05-11,BQ3,k_mgl,0.6577777777777778
2010-03-09,2010-05-11,BQ3,ca_mgl,4.912222222222222
2010-03-09,2010-05-11,BQ3,mg_mgl,2.78
2010-03-09,2010-05-11,BQ3,nh4_ugl,13
2010-03-09,2010-05-11,BQ3,no3_ugl,79.77777777777777
2010-05-11,2010-07-13,BQ3,k_mgl,0.6244444444444445
2010-05-11,2010-07-13,BQ3,ca_mgl,4.122222222222222
2010-05-11,2010-07-13,BQ3,mg_mgl,2.6666666666666665
2010-05-11,2010-07-13,BQ3,nh4_ugl,16
2010-05-11,2010-07-13,BQ3,no3_ugl,67.66666666666667
2010-07-13,2010-09-14,BQ3,k_mgl,0.69125
2010-07-13,2010-09-14,BQ3,ca_mgl,4.87125
2010-07-13,2010-09-14,BQ3,mg_mgl,2.79625
2010-07-13,2010-09-14,BQ3,nh4_ugl,14
2010-07-13,2010-09-14,BQ3,no3_ugl,113.875
2010-09-14,2010-11-16,BQ3,k_mgl,0.9188888888888889
2010-09-14,2010-11-16,BQ3,ca_mgl,4.6466666666666665
2010-09-14,2010-11-16,BQ3,mg_mgl,2.8422222222222224
2010-09-14,2010-11-16,BQ3,nh4_ugl,NA
2010-09-14,2010-11-16,BQ3,no3_ugl,141.44444444444446
2010-11-16,2011-01-18,BQ3,k_mgl,0.6922222222222222
2010-11-16,2011-01-18,BQ3,ca_mgl,4.747777777777777
2010-11-16,2011-01-18,BQ3,mg_mgl,3.06
2010-11-16,2011-01-18,BQ3,nh4_ugl,18.5
2010-11-16,2011-01-18,BQ3,no3_ugl,84
2011-01-18,2011-03-22,BQ3,k_mgl,0.6122222222222222
2011-01-18,2011-03-22,BQ3,ca_mgl,5.538888888888889
2011-01-18,2011-03-22,BQ3,mg_mgl,3.2866666666666666
2011-01-18,2011-03-22,BQ3,nh4_ugl,13
2011-01-18,2011-03-22,BQ3,no3_ugl,66.5
2011-03-22,2011-05-24,BQ3,k_mgl,0.5922222222222222
2011-03-22,2011-05-24,BQ3,ca_mgl,4.995555555555556
2011-03-22,2011-05-24,BQ3,mg_mgl,2.9844444444444442
2011-03-22,2011-05-24,BQ3,nh4_ugl,11
2011-03-22,2011-05-24,BQ3,no3_ugl,48.666666666666664
2011-05-24,2011-07-26,BQ3,k_mgl,0.6233333333333333
2011-05-24,2011-07-26,BQ3,ca_mgl,4.961111111111111
2011-05-24,2011-07-26,BQ3,mg_mgl,2.6155555555555554
2011-05-24,2011-07-26,BQ3,nh4_ugl,NA
2011-05-24,2011-07-26,BQ3,no3_ugl,58.55555555555556
2011-07-26,2011-09-27,BQ3,k_mgl,0.63625
2011-07-26,2011-09-27,BQ3,ca_mgl,4.18375
2011-07-26,2011-09-27,BQ3,mg_mgl,2.35375
2011-07-26,2011-09-27,BQ3,nh4_ugl,5
2011-07-26,2011-09-27,BQ3,no3_ugl,62
2011-09-27,2011-11-29,BQ3,k_mgl,0.6511111111111111
2011-09-27,2011-11-29,BQ3,ca_mgl,5.392222222222222
2011-09-27,2011-11-29,BQ3,mg_mgl,2.9344444444444444
2011-09-27,2011-11-29,BQ3,nh4_ugl,7.333333333333333
2011-09-27,2011-11-29,BQ3,no3_ugl,104.85714285714286
2011-11-29,2012-01-31,BQ3,k_mgl,0.6788888888888889
2011-11-29,2012-01-31,BQ3,ca_mgl,5.613333333333333
2011-11-29,2012-01-31,BQ3,mg_mgl,2.8577777777777778
2011-11-29,2012-01-31,BQ3,nh4_ugl,8
2011-11-29,2012-01-31,BQ3,no3_ugl,119.55555555555556
2012-01-31,2012-04-03,BQ3,k_mgl,0.6122222222222222
2012-01-31,2012-04-03,BQ3,ca_mgl,5.683333333333334
2012-01-31,2012-04-03,BQ3,mg_mgl,3.1666666666666665
2012-01-31,2012-04-03,BQ3,nh4_ugl,39.5
2012-01-31,2012-04-03,BQ3,no3_ugl,54.666666666666664
2012-04-03,2012-06-05,BQ3,k_mgl,0.6377777777777778
2012-04-03,2012-06-05,BQ3,ca_mgl,5.013333333333334
2012-04-03,2012-06-05,BQ3,mg_mgl,2.8022222222222224
2012-04-03,2012-06-05,BQ3,nh4_ugl,6.333333333333333
2012-04-03,2012-06-05,BQ3,no3_ugl,30
2012-06-05,2012-08-07,BQ3,k_mgl,0.585
2012-06-05,2012-08-07,BQ3,ca_mgl,4.87625
2012-06-05,2012-08-07,BQ3,mg_mgl,2.97
2012-06-05,2012-08-07,BQ3,nh4_ugl,16
2012-06-05,2012-08-07,BQ3,no3_ugl,55.625
2012-08-07,2012-10-09,BQ3,k_mgl,0.6033333333333333
2012-08-07,2012-10-09,BQ3,ca_mgl,5.0777777777777775
2012-08-07,2012-10-09,BQ3,mg_mgl,2.9988888888888887
2012-08-07,2012-10-09,BQ3,nh4_ugl,NA
2012-08-07,2012-10-09,BQ3,no3_ugl,74.5
2012-10-09,2012-12-11,BQ3,k_mgl,0.5833333333333334
2012-10-09,2012-12-11,BQ3,ca_mgl,4.145555555555555
2012-10-09,2012-12-11,BQ3,mg_mgl,2.5844444444444443
2012-10-09,2012-12-11,BQ3,nh4_ugl,5
2012-10-09,2012-12-11,BQ3,no3_ugl,34
2012-12-11,2013-02-12,BQ3,k_mgl,0.6622222222222223
2012-12-11,2013-02-12,BQ3,ca_mgl,4.988888888888889
2012-12-11,2013-02-12,BQ3,mg_mgl,3.0255555555555556
2012-12-11,2013-02-12,BQ3,nh4_ugl,26
2012-12-11,2013-02-12,BQ3,no3_ugl,87.8
2013-02-12,2013-04-16,BQ3,k_mgl,0.6377777777777778
2013-02-12,2013-04-16,BQ3,ca_mgl,4.042222222222223
2013-02-12,2013-04-16,BQ3,mg_mgl,2.9855555555555555
2013-02-12,2013-04-16,BQ3,nh4_ugl,NA
2013-02-12,2013-04-16,BQ3,no3_ugl,64.28571428571429
2013-04-16,2013-06-18,BQ3,k_mgl,0.5955555555555556
2013-04-16,2013-06-18,BQ3,ca_mgl,4.271111111111111
2013-04-16,2013-06-18,BQ3,mg_mgl,2.827777777777778
2013-04-16,2013-06-18,BQ3,nh4_ugl,NA
2013-04-16,2013-06-18,BQ3,no3_ugl,37
2013-06-18,2013-08-20,BQ3,k_mgl,0.4775
2013-06-18,2013-08-20,BQ3,ca_mgl,4.7575
2013-06-18,2013-08-20,BQ3,mg_mgl,2.6725
2013-06-18,2013-08-20,BQ3,nh4_ugl,7
2013-06-18,2013-08-20,BQ3,no3_ugl,34.5
2013-08-20,2013-10-22,BQ3,k_mgl,0.45571428571428574
2013-08-20,2013-10-22,BQ3,ca_mgl,5.022857142857143
2013-08-20,2013-10-22,BQ3,mg_mgl,2.7985714285714285
2013-08-20,2013-10-22,BQ3,nh4_ugl,8
2013-08-20,2013-10-22,BQ3,no3_ugl,107.66666666666667
2013-10-22,2013-12-24,BQ3,k_mgl,0.611111111111111
2013-10-22,2013-12-24,BQ3,ca_mgl,4.042222222222222
2013-10-22,2013-12-24,BQ3,mg_mgl,2.59
2013-10-22,2013-12-24,BQ3,nh4_ugl,11
2013-10-22,2013-12-24,BQ3,no3_ugl,86.875
2013-12-24,2014-02-25,BQ3,k_mgl,0.6955555555555556
2013-12-24,2014-02-25,BQ3,ca_mgl,4.532222222222222
2013-12-24,2014-02-25,BQ3,mg_mgl,2.96
2013-12-24,2014-02-25,BQ3,nh4_ugl,11.5
2013-12-24,2014-02-25,BQ3,no3_ugl,104.71428571428571
2014-02-25,2014-04-29,BQ3,k_mgl,0.705
2014-02-25,2014-04-29,BQ3,ca_mgl,5.4087499999999995
2014-02-25,2014-04-29,BQ3,mg_mgl,3.68375
2014-02-25,2014-04-29,BQ3,nh4_ugl,6
2014-02-25,2014-04-29,BQ3,no3_ugl,80.2
2014-04-29,2014-07-01,BQ3,k_mgl,0.6933333333333334
2014-04-29,2014-07-01,BQ3,ca_mgl,4.8244444444444445
2014-04-29,2014-07-01,BQ3,mg_mgl,3.2844444444444445
2014-04-29,2014-07-01,BQ3,nh4_ugl,6
2014-04-29,2014-07-01,BQ3,no3_ugl,45.166666666666664
2014-07-01,2014-09-02,BQ3,k_mgl,0.8111111111111111
2014-07-01,2014-09-02,BQ3,ca_mgl,5.551111111111111
2014-07-01,2014-09-02,BQ3,mg_mgl,3.526666666666667
2014-07-01,2014-09-02,BQ3,nh4_ugl,7.6
2014-07-01,2014-09-02,BQ3,no3_ugl,100.33333333333333
2014-09-02,2014-11-04,BQ3,k_mgl,0.6455555555555555
2014-09-02,2014-11-04,BQ3,ca_mgl,4.688888888888889
2014-09-02,2014-11-04,BQ3,mg_mgl,3.3022222222222224
2014-09-02,2014-11-04,BQ3,nh4_ugl,7
2014-09-02,2014-11-04,BQ3,no3_ugl,88.875
2014-11-04,2015-01-06,BQ3,k_mgl,0.6366666666666667
2014-11-04,2015-01-06,BQ3,ca_mgl,4.144444444444445
2014-11-04,2015-01-06,BQ3,mg_mgl,2.79
2014-11-04,2015-01-06,BQ3,nh4_ugl,28
2014-11-04,2015-01-06,BQ3,no3_ugl,63.375
2015-01-06,2015-03-10,BQ3,k_mgl,0.635
2015-01-06,2015-03-10,BQ3,ca_mgl,5.165
2015-01-06,2015-03-10,BQ3,mg_mgl,3.25
2015-01-06,2015-03-10,BQ3,nh4_ugl,NA
2015-01-06,2015-03-10,BQ3,no3_ugl,111
2015-03-10,2015-05-12,BQ3,k_mgl,0.7688888888888888
2015-03-10,2015-05-12,BQ3,ca_mgl,5.377777777777778
2015-03-10,2015-05-12,BQ3,mg_mgl,3.6666666666666665
2015-03-10,2015-05-12,BQ3,nh4_ugl,6
2015-03-10,2015-05-12,BQ3,no3_ugl,78.2
2015-05-12,2015-07-14,BQ3,k_mgl,0.7333333333333333
2015-05-12,2015-07-14,BQ3,ca_mgl,6.355555555555555
2015-05-12,2015-07-14,BQ3,mg_mgl,3.9644444444444447
2015-05-12,2015-07-14,BQ3,nh4_ugl,5
2015-05-12,2015-07-14,BQ3,no3_ugl,86
2015-07-14,2015-09-15,BQ3,k_mgl,0.7344444444444445
2015-07-14,2015-09-15,BQ3,ca_mgl,5.545555555555556
2015-07-14,2015-09-15,BQ3,mg_mgl,3.6166666666666667
2015-07-14,2015-09-15,BQ3,nh4_ugl,25
2015-07-14,2015-09-15,BQ3,no3_ugl,119.85714285714286
2015-09-15,2015-11-17,BQ3,k_mgl,0.6744444444444444
2015-09-15,2015-11-17,BQ3,ca_mgl,5.156666666666666
2015-09-15,2015-11-17,BQ3,mg_mgl,3.3633333333333333
2015-09-15,2015-11-17,BQ3,nh4_ugl,7.6
2015-09-15,2015-11-17,BQ3,no3_ugl,68.16666666666667
2015-11-17,2016-01-19,BQ3,k_mgl,0.7055555555555556
2015-11-17,2016-01-19,BQ3,ca_mgl,5.345555555555555
2015-11-17,2016-01-19,BQ3,mg_mgl,3.3266666666666667
2015-11-17,2016-01-19,BQ3,nh4_ugl,7.666666666666667
2015-11-17,2016-01-19,BQ3,no3_ugl,109
2016-01-19,2016-03-22,BQ3,k_mgl,0.7633333333333333
2016-01-19,2016-03-22,BQ3,ca_mgl,5.566666666666666
2016-01-19,2016-03-22,BQ3,mg_mgl,3.381111111111111
2016-01-19,2016-03-22,BQ3,nh4_ugl,6
2016-01-19,2016-03-22,BQ3,no3_ugl,107.14285714285714
2016-03-22,2016-05-24,BQ3,k_mgl,0.7322222222222222
2016-03-22,2016-05-24,BQ3,ca_mgl,5.604444444444445
2016-03-22,2016-05-24,BQ3,mg_mgl,3.328888888888889
2016-03-22,2016-05-24,BQ3,nh4_ugl,11.5
2016-03-22,2016-05-24,BQ3,no3_ugl,73.66666666666667
2016-05-24,2016-07-26,BQ3,k_mgl,0.69
2016-05-24,2016-07-26,BQ3,ca_mgl,5.075555555555556
2016-05-24,2016-07-26,BQ3,mg_mgl,3.098888888888889
2016-05-24,2016-07-26,BQ3,nh4_ugl,7.5
2016-05-24,2016-07-26,BQ3,no3_ugl,81
2016-07-26,2016-09-27,BQ3,k_mgl,0.7222222222222222
2016-07-26,2016-09-27,BQ3,ca_mgl,4.904444444444445
2016-07-26,2016-09-27,BQ3,mg_mgl,2.83
2016-07-26,2016-09-27,BQ3,nh4_ugl,5
2016-07-26,2016-09-27,BQ3,no3_ugl,99.11111111111111
2016-09-27,2016-11-29,BQ3,k_mgl,0.7022222222222222
2016-09-27,2016-11-29,BQ3,ca_mgl,4.953333333333333
2016-09-27,2016-11-29,BQ3,mg_mgl,3.022222222222222
2016-09-27,2016-11-29,BQ3,nh4_ugl,NA
2016-09-27,2016-11-29,BQ3,no3_ugl,117.44444444444444
2016-11-29,2017-01-31,BQ3,k_mgl,0.7166666666666667
2016-11-29,2017-01-31,BQ3,ca_mgl,4.576666666666666
2016-11-29,2017-01-31,BQ3,mg_mgl,2.7455555555555553
2016-11-29,2017-01-31,BQ3,nh4_ugl,NA
2016-11-29,2017-01-31,BQ3,no3_ugl,128.22222222222223
2017-01-31,2017-04-04,BQ3,k_mgl,0.7455555555555555
2017-01-31,2017-04-04,BQ3,ca_mgl,4.886666666666667
2017-01-31,2017-04-04,BQ3,mg_mgl,3.2544444444444443
2017-01-31,2017-04-04,BQ3,nh4_ugl,NA
2017-01-31,2017-04-04,BQ3,no3_ugl,131.33333333333334
2017-04-04,2017-06-06,BQ3,k_mgl,0.7266666666666667
2017-04-04,2017-06-06,BQ3,ca_mgl,4.097777777777778
2017-04-04,2017-06-06,BQ3,mg_mgl,2.667777777777778
2017-04-04,2017-06-06,BQ3,nh4_ugl,8
2017-04-04,2017-06-06,BQ3,no3_ugl,68.6
2017-06-06,2017-08-08,BQ3,k_mgl,0.6144444444444445
2017-06-06,2017-08-08,BQ3,ca_mgl,4.5
2017-06-06,2017-08-08,BQ3,mg_mgl,2.7622222222222224
2017-06-06,2017-08-08,BQ3,nh4_ugl,9
2017-06-06,2017-08-08,BQ3,no3_ugl,81.5
2017-08-08,2017-10-10,BQ3,k_mgl,0.73
2017-08-08,2017-10-10,BQ3,ca_mgl,4.6175
2017-08-08,2017-10-10,BQ3,mg_mgl,2.945
2017-08-08,2017-10-10,BQ3,nh4_ugl,NA
2017-08-08,2017-10-10,BQ3,no3_ugl,113.25
2017-10-10,2017-12-12,BQ3,k_mgl,1.45
2017-10-10,2017-12-12,BQ3,ca_mgl,4.554
2017-10-10,2017-12-12,BQ3,mg_mgl,2.992
2017-10-10,2017-12-12,BQ3,nh4_ugl,6
2017-10-10,2017-12-12,BQ3,no3_ugl,447.6
2017-12-12,2018-02-13,BQ3,k_mgl,1.2744444444444445
2017-12-12,2018-02-13,BQ3,ca_mgl,4.857777777777778
2017-12-12,2018-02-13,BQ3,mg_mgl,3.057777777777778
2017-12-12,2018-02-13,BQ3,nh4_ugl,6
2017-12-12,2018-02-13,BQ3,no3_ugl,397.4
2018-02-13,2018-04-17,BQ3,k_mgl,1.1122222222222222
2018-02-13,2018-04-17,BQ3,ca_mgl,5.157777777777778
2018-02-13,2018-04-17,BQ3,mg_mgl,3.0533333333333332
2018-02-13,2018-04-17,BQ3,nh4_ugl,8
2018-02-13,2018-04-17,BQ3,no3_ugl,270.6666666666667
2018-04-17,2018-06-19,BQ3,k_mgl,1.1011111111111112
2018-04-17,2018-06-19,BQ3,ca_mgl,4.814444444444445
2018-04-17,2018-06-19,BQ3,mg_mgl,3
2018-04-17,2018-06-19,BQ3,nh4_ugl,8.333333333333334
2018-04-17,2018-06-19,BQ3,no3_ugl,180
2018-06-19,2018-08-21,BQ3,k_mgl,1.0033333333333334
2018-06-19,2018-08-21,BQ3,ca_mgl,5.198888888888889
2018-06-19,2018-08-21,BQ3,mg_mgl,3.1666666666666665
2018-06-19,2018-08-21,BQ3,nh4_ugl,7
2018-06-19,2018-08-21,BQ3,no3_ugl,183
2018-08-21,2018-10-23,BQ3,k_mgl,0.9916666666666667
2018-08-21,2018-10-23,BQ3,ca_mgl,4.871666666666667
2018-08-21,2018-10-23,BQ3,mg_mgl,3.0566666666666666
2018-08-21,2018-10-23,BQ3,nh4_ugl,NA
2018-08-21,2018-10-23,BQ3,no3_ugl,161.6
2018-10-23,2018-12-25,BQ3,k_mgl,0.9183333333333333
2018-10-23,2018-12-25,BQ3,ca_mgl,4.86
2018-10-23,2018-12-25,BQ3,mg_mgl,2.9883333333333333
2018-10-23,2018-12-25,BQ3,nh4_ugl,18
2018-10-23,2018-12-25,BQ3,no3_ugl,202
2018-12-25,2019-02-26,BQ3,k_mgl,0.85
2018-12-25,2019-02-26,BQ3,ca_mgl,5.35625
2018-12-25,2019-02-26,BQ3,mg_mgl,3.425
2018-12-25,2019-02-26,BQ3,nh4_ugl,7
2018-12-25,2019-02-26,BQ3,no3_ugl,101.6
2019-02-26,2019-04-30,BQ3,k_mgl,0.8744444444444445
2019-02-26,2019-04-30,BQ3,ca_mgl,5.487777777777778
2019-02-26,2019-04-30,BQ3,mg_mgl,3.4033333333333333
2019-02-26,2019-04-30,BQ3,nh4_ugl,9
2019-02-26,2019-04-30,BQ3,no3_ugl,151.85714285714286
2019-04-30,2019-07-02,BQ3,k_mgl,0.7577777777777778
2019-04-30,2019-07-02,BQ3,ca_mgl,4.99
2019-04-30,2019-07-02,BQ3,mg_mgl,3.281111111111111
2019-04-30,2019-07-02,BQ3,nh4_ugl,6
2019-04-30,2019-07-02,BQ3,no3_ugl,123.57142857142857
2019-07-02,2019-09-03,BQ3,k_mgl,0.7611111111111112
2019-07-02,2019-09-03,BQ3,ca_mgl,4.518888888888889
2019-07-02,2019-09-03,BQ3,mg_mgl,2.988888888888889
2019-07-02,2019-09-03,BQ3,nh4_ugl,7
2019-07-02,2019-09-03,BQ3,no3_ugl,96.28571428571429
2019-09-03,2019-11-05,BQ3,k_mgl,0.6633333333333333
2019-09-03,2019-11-05,BQ3,ca_mgl,4.435555555555555
2019-09-03,2019-11-05,BQ3,mg_mgl,3.022222222222222
2019-09-03,2019-11-05,BQ3,nh4_ugl,8.4
2019-09-03,2019-11-05,BQ3,no3_ugl,148.83333333333334
2019-11-05,2020-01-07,BQ3,k_mgl,0.7777777777777778
2019-11-05,2020-01-07,BQ3,ca_mgl,4.288888888888889
2019-11-05,2020-01-07,BQ3,mg_mgl,2.7911111111111113
2019-11-05,2020-01-07,BQ3,nh4_ugl,NA
2019-11-05,2020-01-07,BQ3,no3_ugl,199.125
2020-01-07,2020-03-10,BQ3,k_mgl,0.7044444444444444
2020-01-07,2020-03-10,BQ3,ca_mgl,4.081111111111111
2020-01-07,2020-03-10,BQ3,mg_mgl,2.551111111111111
2020-01-07,2020-03-10,BQ3,nh4_ugl,8
2020-01-07,2020-03-10,BQ3,no3_ugl,201.66666666666666
2020-03-10,2020-05-12,BQ3,k_mgl,0.76
2020-03-10,2020-05-12,BQ3,ca_mgl,5.6850000000000005
2020-03-10,2020-05-12,BQ3,mg_mgl,3.3
2020-03-10,2020-05-12,BQ3,nh4_ugl,NA
2020-03-10,2020-05-12,BQ3,no3_ugl,172
2020-05-12,2020-07-14,BQ3,k_mgl,0.76
2020-05-12,2020-07-14,BQ3,ca_mgl,3.03
2020-05-12,2020-07-14,BQ3,mg_mgl,1.86
2020-05-12,2020-07-14,BQ3,nh4_ugl,19
2020-05-12,2020-07-14,BQ3,no3_ugl,121
2020-07-14,2020-09-15,BQ3,k_mgl,0.7085714285714285
2020-07-14,2020-09-15,BQ3,ca_mgl,4.621428571428572
2020-07-14,2020-09-15,BQ3,mg_mgl,2.7385714285714284
2020-07-14,2020-09-15,BQ3,nh4_ugl,9.25
2020-07-14,2020-09-15,BQ3,no3_ugl,122.14285714285714
2020-09-15,2020-11-17,BQ3,k_mgl,0.70375
2020-09-15,2020-11-17,BQ3,ca_mgl,4.4775
2020-09-15,2020-11-17,BQ3,mg_mgl,2.8375
2020-09-15,2020-11-17,BQ3,nh4_ugl,9.333333333333334
2020-09-15,2020-11-17,BQ3,no3_ugl,175.875
2020-11-17,2021-01-19,BQ3,k_mgl,0.7128571428571429
2020-11-17,2021-01-19,BQ3,ca_mgl,5.1899999999999995
2020-11-17,2021-01-19,BQ3,mg_mgl,3.2085714285714286
2020-11-17,2021-01-19,BQ3,nh4_ugl,9
2020-11-17,2021-01-19,BQ3,no3_ugl,204
1986-05-20,1986-07-22,PRM,k_mgl,NA
1986-05-20,1986-07-22,PRM,ca_mgl,NA
1986-05-20,1986-07-22,PRM,mg_mgl,NA
1986-05-20,1986-07-22,PRM,nh4_ugl,NA
1986-05-20,1986-07-22,PRM,no3_ugl,NA
1986-07-22,1986-09-23,PRM,k_mgl,NA
1986-07-22,1986-09-23,PRM,ca_mgl,NA
1986-07-22,1986-09-23,PRM,mg_mgl,NA
1986-07-22,1986-09-23,PRM,nh4_ugl,NA
1986-07-22,1986-09-23,PRM,no3_ugl,NA
1986-09-23,1986-11-25,PRM,k_mgl,NA
1986-09-23,1986-11-25,PRM,ca_mgl,NA
1986-09-23,1986-11-25,PRM,mg_mgl,NA
1986-09-23,1986-11-25,PRM,nh4_ugl,NA
1986-09-23,1986-11-25,PRM,no3_ugl,NA
1986-11-25,1987-01-27,PRM,k_mgl,NA
1986-11-25,1987-01-27,PRM,ca_mgl,NA
1986-11-25,1987-01-27,PRM,mg_mgl,NA
1986-11-25,1987-01-27,PRM,nh4_ugl,NA
1986-11-25,1987-01-27,PRM,no3_ugl,NA
1987-01-27,1987-03-31,PRM,k_mgl,NA
1987-01-27,1987-03-31,PRM,ca_mgl,NA
1987-01-27,1987-03-31,PRM,mg_mgl,NA
1987-01-27,1987-03-31,PRM,nh4_ugl,NA
1987-01-27,1987-03-31,PRM,no3_ugl,NA
1987-03-31,1987-06-02,PRM,k_mgl,NA
1987-03-31,1987-06-02,PRM,ca_mgl,NA
1987-03-31,1987-06-02,PRM,mg_mgl,NA
1987-03-31,1987-06-02,PRM,nh4_ugl,NA
1987-03-31,1987-06-02,PRM,no3_ugl,NA
1987-06-02,1987-08-04,PRM,k_mgl,NA
1987-06-02,1987-08-04,PRM,ca_mgl,NA
1987-06-02,1987-08-04,PRM,mg_mgl,NA
1987-06-02,1987-08-04,PRM,nh4_ugl,NA
1987-06-02,1987-08-04,PRM,no3_ugl,NA
1987-08-04,1987-10-06,PRM,k_mgl,NA
1987-08-04,1987-10-06,PRM,ca_mgl,NA
1987-08-04,1987-10-06,PRM,mg_mgl,NA
1987-08-04,1987-10-06,PRM,nh4_ugl,NA
1987-08-04,1987-10-06,PRM,no3_ugl,NA
1987-10-06,1987-12-08,PRM,k_mgl,NA
1987-10-06,1987-12-08,PRM,ca_mgl,NA
1987-10-06,1987-12-08,PRM,mg_mgl,NA
1987-10-06,1987-12-08,PRM,nh4_ugl,NA
1987-10-06,1987-12-08,PRM,no3_ugl,NA
1987-12-08,1988-02-09,PRM,k_mgl,NA
1987-12-08,1988-02-09,PRM,ca_mgl,NA
1987-12-08,1988-02-09,PRM,mg_mgl,NA
1987-12-08,1988-02-09,PRM,nh4_ugl,NA
1987-12-08,1988-02-09,PRM,no3_ugl,NA
1988-02-09,1988-04-12,PRM,k_mgl,NA
1988-02-09,1988-04-12,PRM,ca_mgl,NA
1988-02-09,1988-04-12,PRM,mg_mgl,NA
1988-02-09,1988-04-12,PRM,nh4_ugl,NA
1988-02-09,1988-04-12,PRM,no3_ugl,NA
1988-04-12,1988-06-14,PRM,k_mgl,NA
1988-04-12,1988-06-14,PRM,ca_mgl,NA
1988-04-12,1988-06-14,PRM,mg_mgl,NA
1988-04-12,1988-06-14,PRM,nh4_ugl,NA
1988-04-12,1988-06-14,PRM,no3_ugl,NA
1988-06-14,1988-08-16,PRM,k_mgl,NA
1988-06-14,1988-08-16,PRM,ca_mgl,NA
1988-06-14,1988-08-16,PRM,mg_mgl,NA
1988-06-14,1988-08-16,PRM,nh4_ugl,NA
1988-06-14,1988-08-16,PRM,no3_ugl,NA
1988-08-16,1988-10-18,PRM,k_mgl,NA
1988-08-16,1988-10-18,PRM,ca_mgl,NA
1988-08-16,1988-10-18,PRM,mg_mgl,NA
1988-08-16,1988-10-18,PRM,nh4_ugl,NA
1988-08-16,1988-10-18,PRM,no3_ugl,NA
1988-10-18,1988-12-20,PRM,k_mgl,NA
1988-10-18,1988-12-20,PRM,ca_mgl,NA
1988-10-18,1988-12-20,PRM,mg_mgl,NA
1988-10-18,1988-12-20,PRM,nh4_ugl,NA
1988-10-18,1988-12-20,PRM,no3_ugl,NA
1988-12-20,1989-02-21,PRM,k_mgl,NA
1988-12-20,1989-02-21,PRM,ca_mgl,NA
1988-12-20,1989-02-21,PRM,mg_mgl,NA
1988-12-20,1989-02-21,PRM,nh4_ugl,NA
1988-12-20,1989-02-21,PRM,no3_ugl,NA
1989-02-21,1989-04-25,PRM,k_mgl,NA
1989-02-21,1989-04-25,PRM,ca_mgl,NA
1989-02-21,1989-04-25,PRM,mg_mgl,NA
1989-02-21,1989-04-25,PRM,nh4_ugl,NA
1989-02-21,1989-04-25,PRM,no3_ugl,NA
1989-04-25,1989-06-27,PRM,k_mgl,0.6816666666666666
1989-04-25,1989-06-27,PRM,ca_mgl,6.568333333333333
1989-04-25,1989-06-27,PRM,mg_mgl,1.9433333333333334
1989-04-25,1989-06-27,PRM,nh4_ugl,NA
1989-04-25,1989-06-27,PRM,no3_ugl,73.83333333333333
1989-06-27,1989-08-29,PRM,k_mgl,0.69375
1989-06-27,1989-08-29,PRM,ca_mgl,6.6
1989-06-27,1989-08-29,PRM,mg_mgl,1.75375
1989-06-27,1989-08-29,PRM,nh4_ugl,NA
1989-06-27,1989-08-29,PRM,no3_ugl,67.42857142857143
1989-08-29,1989-10-31,PRM,k_mgl,0.87
1989-08-29,1989-10-31,PRM,ca_mgl,6.04
1989-08-29,1989-10-31,PRM,mg_mgl,2.17
1989-08-29,1989-10-31,PRM,nh4_ugl,NA
1989-08-29,1989-10-31,PRM,no3_ugl,95.2
1989-10-31,1990-01-02,PRM,k_mgl,0.8814285714285715
1989-10-31,1990-01-02,PRM,ca_mgl,8.496666666666666
1989-10-31,1990-01-02,PRM,mg_mgl,2.5083333333333333
1989-10-31,1990-01-02,PRM,nh4_ugl,NA
1989-10-31,1990-01-02,PRM,no3_ugl,221.14285714285717
1990-01-02,1990-03-06,PRM,k_mgl,1.1322222222222222
1990-01-02,1990-03-06,PRM,ca_mgl,9.39375
1990-01-02,1990-03-06,PRM,mg_mgl,2.22
1990-01-02,1990-03-06,PRM,nh4_ugl,NA
1990-01-02,1990-03-06,PRM,no3_ugl,172
1990-03-06,1990-05-08,PRM,k_mgl,1.0322222222222222
1990-03-06,1990-05-08,PRM,ca_mgl,8.338888888888889
1990-03-06,1990-05-08,PRM,mg_mgl,2.0611111111111113
1990-03-06,1990-05-08,PRM,nh4_ugl,NA
1990-03-06,1990-05-08,PRM,no3_ugl,180.55555555555554
1990-05-08,1990-07-10,PRM,k_mgl,0.9777777777777777
1990-05-08,1990-07-10,PRM,ca_mgl,8.975555555555555
1990-05-08,1990-07-10,PRM,mg_mgl,2.0944444444444446
1990-05-08,1990-07-10,PRM,nh4_ugl,NA
1990-05-08,1990-07-10,PRM,no3_ugl,175.11111111111111
1990-07-10,1990-09-11,PRM,k_mgl,0.8744444444444445
1990-07-10,1990-09-11,PRM,ca_mgl,9.076666666666666
1990-07-10,1990-09-11,PRM,mg_mgl,2.0677777777777777
1990-07-10,1990-09-11,PRM,nh4_ugl,NA
1990-07-10,1990-09-11,PRM,no3_ugl,152.22222222222223
1990-09-11,1990-11-13,PRM,k_mgl,0.8011111111111111
1990-09-11,1990-11-13,PRM,ca_mgl,8.11
1990-09-11,1990-11-13,PRM,mg_mgl,1.96
1990-09-11,1990-11-13,PRM,nh4_ugl,NA
1990-09-11,1990-11-13,PRM,no3_ugl,107
1990-11-13,1991-01-15,PRM,k_mgl,0.7277777777777777
1990-11-13,1991-01-15,PRM,ca_mgl,7.78
1990-11-13,1991-01-15,PRM,mg_mgl,1.98
1990-11-13,1991-01-15,PRM,nh4_ugl,NA
1990-11-13,1991-01-15,PRM,no3_ugl,152.375
1991-01-15,1991-03-19,PRM,k_mgl,0.8411111111111111
1991-01-15,1991-03-19,PRM,ca_mgl,7.403333333333333
1991-01-15,1991-03-19,PRM,mg_mgl,2.148888888888889
1991-01-15,1991-03-19,PRM,nh4_ugl,NA
1991-01-15,1991-03-19,PRM,no3_ugl,127.28571428571429
1991-03-19,1991-05-21,PRM,k_mgl,0.735
1991-03-19,1991-05-21,PRM,ca_mgl,4.887142857142857
1991-03-19,1991-05-21,PRM,mg_mgl,1.4075
1991-03-19,1991-05-21,PRM,nh4_ugl,NA
1991-03-19,1991-05-21,PRM,no3_ugl,71.5
1991-05-21,1991-07-23,PRM,k_mgl,0.8200000000000001
1991-05-21,1991-07-23,PRM,ca_mgl,5.034
1991-05-21,1991-07-23,PRM,mg_mgl,0.9271428571428572
1991-05-21,1991-07-23,PRM,nh4_ugl,NA
1991-05-21,1991-07-23,PRM,no3_ugl,63
1991-07-23,1991-09-24,PRM,k_mgl,0.8222222222222223
1991-07-23,1991-09-24,PRM,ca_mgl,8.598888888888888
1991-07-23,1991-09-24,PRM,mg_mgl,2.681111111111111
1991-07-23,1991-09-24,PRM,nh4_ugl,NA
1991-07-23,1991-09-24,PRM,no3_ugl,52.142857142857146
1991-09-24,1991-11-26,PRM,k_mgl,0.72
1991-09-24,1991-11-26,PRM,ca_mgl,7.154999999999999
1991-09-24,1991-11-26,PRM,mg_mgl,2.09875
1991-09-24,1991-11-26,PRM,nh4_ugl,NA
1991-09-24,1991-11-26,PRM,no3_ugl,124
1991-11-26,1992-01-28,PRM,k_mgl,0.71
1991-11-26,1992-01-28,PRM,ca_mgl,7.178888888888889
1991-11-26,1992-01-28,PRM,mg_mgl,1.8522222222222222
1991-11-26,1992-01-28,PRM,nh4_ugl,NA
1991-11-26,1992-01-28,PRM,no3_ugl,119.44444444444444
1992-01-28,1992-03-31,PRM,k_mgl,0.9711111111111111
1992-01-28,1992-03-31,PRM,ca_mgl,10.386666666666667
1992-01-28,1992-03-31,PRM,mg_mgl,2.178888888888889
1992-01-28,1992-03-31,PRM,nh4_ugl,NA
1992-01-28,1992-03-31,PRM,no3_ugl,123.875
1992-03-31,1992-06-02,PRM,k_mgl,0.8444444444444444
1992-03-31,1992-06-02,PRM,ca_mgl,7.913749999999999
1992-03-31,1992-06-02,PRM,mg_mgl,2.7222222222222223
1992-03-31,1992-06-02,PRM,nh4_ugl,NA
1992-03-31,1992-06-02,PRM,no3_ugl,63.875
1992-06-02,1992-08-04,PRM,k_mgl,0.7966666666666666
1992-06-02,1992-08-04,PRM,ca_mgl,7.605555555555556
1992-06-02,1992-08-04,PRM,mg_mgl,1.961111111111111
1992-06-02,1992-08-04,PRM,nh4_ugl,NA
1992-06-02,1992-08-04,PRM,no3_ugl,38.111111111111114
1992-08-04,1992-10-06,PRM,k_mgl,0.8288888888888889
1992-08-04,1992-10-06,PRM,ca_mgl,8.617777777777778
1992-08-04,1992-10-06,PRM,mg_mgl,2.1733333333333333
1992-08-04,1992-10-06,PRM,nh4_ugl,NA
1992-08-04,1992-10-06,PRM,no3_ugl,45.22222222222222
1992-10-06,1992-12-08,PRM,k_mgl,0.7622222222222222
1992-10-06,1992-12-08,PRM,ca_mgl,8.262222222222222
1992-10-06,1992-12-08,PRM,mg_mgl,2.013333333333333
1992-10-06,1992-12-08,PRM,nh4_ugl,NA
1992-10-06,1992-12-08,PRM,no3_ugl,49.625
1992-12-08,1993-02-09,PRM,k_mgl,0.67125
1992-12-08,1993-02-09,PRM,ca_mgl,7.6274999999999995
1992-12-08,1993-02-09,PRM,mg_mgl,1.89375
1992-12-08,1993-02-09,PRM,nh4_ugl,NA
1992-12-08,1993-02-09,PRM,no3_ugl,16.5
1993-02-09,1993-04-13,PRM,k_mgl,0.7611111111111111
1993-02-09,1993-04-13,PRM,ca_mgl,8.618888888888888
1993-02-09,1993-04-13,PRM,mg_mgl,2.1966666666666668
1993-02-09,1993-04-13,PRM,nh4_ugl,NA
1993-02-09,1993-04-13,PRM,no3_ugl,91.66666666666667
1993-04-13,1993-06-15,PRM,k_mgl,0.84
1993-04-13,1993-06-15,PRM,ca_mgl,7.963333333333333
1993-04-13,1993-06-15,PRM,mg_mgl,2.013333333333333
1993-04-13,1993-06-15,PRM,nh4_ugl,NA
1993-04-13,1993-06-15,PRM,no3_ugl,52.125
1993-06-15,1993-08-17,PRM,k_mgl,0.76625
1993-06-15,1993-08-17,PRM,ca_mgl,8.865
1993-06-15,1993-08-17,PRM,mg_mgl,2.05375
1993-06-15,1993-08-17,PRM,nh4_ugl,NA
1993-06-15,1993-08-17,PRM,no3_ugl,57
1993-08-17,1993-10-19,PRM,k_mgl,0.8
1993-08-17,1993-10-19,PRM,ca_mgl,8.374444444444444
1993-08-17,1993-10-19,PRM,mg_mgl,2.068888888888889
1993-08-17,1993-10-19,PRM,nh4_ugl,NA
1993-08-17,1993-10-19,PRM,no3_ugl,50.25
1993-10-19,1993-12-21,PRM,k_mgl,0.72
1993-10-19,1993-12-21,PRM,ca_mgl,7.707777777777777
1993-10-19,1993-12-21,PRM,mg_mgl,2.0077777777777777
1993-10-19,1993-12-21,PRM,nh4_ugl,NA
1993-10-19,1993-12-21,PRM,no3_ugl,35.75
1993-12-21,1994-02-22,PRM,k_mgl,0.5
1993-12-21,1994-02-22,PRM,ca_mgl,6.5525
1993-12-21,1994-02-22,PRM,mg_mgl,1.3522222222222222
1993-12-21,1994-02-22,PRM,nh4_ugl,NA
1993-12-21,1994-02-22,PRM,no3_ugl,13
1994-02-22,1994-04-26,PRM,k_mgl,0.7233333333333334
1994-02-22,1994-04-26,PRM,ca_mgl,9.082222222222223
1994-02-22,1994-04-26,PRM,mg_mgl,2.1
1994-02-22,1994-04-26,PRM,nh4_ugl,NA
1994-02-22,1994-04-26,PRM,no3_ugl,7
1994-04-26,1994-06-28,PRM,k_mgl,0.86
1994-04-26,1994-06-28,PRM,ca_mgl,9.436666666666667
1994-04-26,1994-06-28,PRM,mg_mgl,2.3177777777777777
1994-04-26,1994-06-28,PRM,nh4_ugl,NA
1994-04-26,1994-06-28,PRM,no3_ugl,19.11111111111111
1994-06-28,1994-08-30,PRM,k_mgl,0.7944444444444444
1994-06-28,1994-08-30,PRM,ca_mgl,8.825555555555555
1994-06-28,1994-08-30,PRM,mg_mgl,2.3644444444444446
1994-06-28,1994-08-30,PRM,nh4_ugl,NA
1994-06-28,1994-08-30,PRM,no3_ugl,72
1994-08-30,1994-11-01,PRM,k_mgl,0.8522222222222222
1994-08-30,1994-11-01,PRM,ca_mgl,9.213333333333333
1994-08-30,1994-11-01,PRM,mg_mgl,2.1222222222222222
1994-08-30,1994-11-01,PRM,nh4_ugl,NA
1994-08-30,1994-11-01,PRM,no3_ugl,NA
1994-11-01,1995-01-03,PRM,k_mgl,0.7133333333333334
1994-11-01,1995-01-03,PRM,ca_mgl,7.992222222222222
1994-11-01,1995-01-03,PRM,mg_mgl,2.0877777777777777
1994-11-01,1995-01-03,PRM,nh4_ugl,NA
1994-11-01,1995-01-03,PRM,no3_ugl,43
1995-01-03,1995-03-07,PRM,k_mgl,0.6955555555555556
1995-01-03,1995-03-07,PRM,ca_mgl,9.487777777777778
1995-01-03,1995-03-07,PRM,mg_mgl,2.132222222222222
1995-01-03,1995-03-07,PRM,nh4_ugl,NA
1995-01-03,1995-03-07,PRM,no3_ugl,NA
1995-03-07,1995-05-09,PRM,k_mgl,0.7142857142857143
1995-03-07,1995-05-09,PRM,ca_mgl,9.632857142857143
1995-03-07,1995-05-09,PRM,mg_mgl,2.2942857142857145
1995-03-07,1995-05-09,PRM,nh4_ugl,NA
1995-03-07,1995-05-09,PRM,no3_ugl,NA
1995-05-09,1995-07-11,PRM,k_mgl,0.686
1995-05-09,1995-07-11,PRM,ca_mgl,8.848
1995-05-09,1995-07-11,PRM,mg_mgl,2.044
1995-05-09,1995-07-11,PRM,nh4_ugl,NA
1995-05-09,1995-07-11,PRM,no3_ugl,NA
1995-07-11,1995-09-12,PRM,k_mgl,0.71
1995-07-11,1995-09-12,PRM,ca_mgl,9.745
1995-07-11,1995-09-12,PRM,mg_mgl,2.19
1995-07-11,1995-09-12,PRM,nh4_ugl,NA
1995-07-11,1995-09-12,PRM,no3_ugl,NA
1995-09-12,1995-11-14,PRM,k_mgl,NA
1995-09-12,1995-11-14,PRM,ca_mgl,NA
1995-09-12,1995-11-14,PRM,mg_mgl,NA
1995-09-12,1995-11-14,PRM,nh4_ugl,NA
1995-09-12,1995-11-14,PRM,no3_ugl,NA
1995-11-14,1996-01-16,PRM,k_mgl,0.71
1995-11-14,1996-01-16,PRM,ca_mgl,8.0925
1995-11-14,1996-01-16,PRM,mg_mgl,1.9725
1995-11-14,1996-01-16,PRM,nh4_ugl,NA
1995-11-14,1996-01-16,PRM,no3_ugl,NA
1996-01-16,1996-03-19,PRM,k_mgl,0.7375
1996-01-16,1996-03-19,PRM,ca_mgl,8.1725
1996-01-16,1996-03-19,PRM,mg_mgl,2.2325
1996-01-16,1996-03-19,PRM,nh4_ugl,NA
1996-01-16,1996-03-19,PRM,no3_ugl,NA
1996-03-19,1996-05-21,PRM,k_mgl,0.8633333333333333
1996-03-19,1996-05-21,PRM,ca_mgl,9.07
1996-03-19,1996-05-21,PRM,mg_mgl,2.2933333333333334
1996-03-19,1996-05-21,PRM,nh4_ugl,NA
1996-03-19,1996-05-21,PRM,no3_ugl,NA
1996-05-21,1996-07-23,PRM,k_mgl,0.77
1996-05-21,1996-07-23,PRM,ca_mgl,8.535
1996-05-21,1996-07-23,PRM,mg_mgl,2.21
1996-05-21,1996-07-23,PRM,nh4_ugl,NA
1996-05-21,1996-07-23,PRM,no3_ugl,NA
1996-07-23,1996-09-24,PRM,k_mgl,0.73
1996-07-23,1996-09-24,PRM,ca_mgl,8.5025
1996-07-23,1996-09-24,PRM,mg_mgl,2.1475
1996-07-23,1996-09-24,PRM,nh4_ugl,NA
1996-07-23,1996-09-24,PRM,no3_ugl,79
1996-09-24,1996-11-26,PRM,k_mgl,0.7811111111111111
1996-09-24,1996-11-26,PRM,ca_mgl,7.013333333333334
1996-09-24,1996-11-26,PRM,mg_mgl,1.8644444444444443
1996-09-24,1996-11-26,PRM,nh4_ugl,NA
1996-09-24,1996-11-26,PRM,no3_ugl,169
1996-11-26,1997-01-28,PRM,k_mgl,0.7071428571428572
1996-11-26,1997-01-28,PRM,ca_mgl,7.434285714285714
1996-11-26,1997-01-28,PRM,mg_mgl,2.027142857142857
1996-11-26,1997-01-28,PRM,nh4_ugl,NA
1996-11-26,1997-01-28,PRM,no3_ugl,128.42857142857142
1997-01-28,1997-04-01,PRM,k_mgl,0.8177777777777777
1997-01-28,1997-04-01,PRM,ca_mgl,8.206666666666667
1997-01-28,1997-04-01,PRM,mg_mgl,1.9822222222222223
1997-01-28,1997-04-01,PRM,nh4_ugl,NA
1997-01-28,1997-04-01,PRM,no3_ugl,108.5
1997-04-01,1997-06-03,PRM,k_mgl,0.84
1997-04-01,1997-06-03,PRM,ca_mgl,8.92125
1997-04-01,1997-06-03,PRM,mg_mgl,2
1997-04-01,1997-06-03,PRM,nh4_ugl,NA
1997-04-01,1997-06-03,PRM,no3_ugl,97.75
1997-06-03,1997-08-05,PRM,k_mgl,0.72375
1997-06-03,1997-08-05,PRM,ca_mgl,7.8525
1997-06-03,1997-08-05,PRM,mg_mgl,2.22375
1997-06-03,1997-08-05,PRM,nh4_ugl,NA
1997-06-03,1997-08-05,PRM,no3_ugl,123.375
1997-08-05,1997-10-07,PRM,k_mgl,0.6533333333333333
1997-08-05,1997-10-07,PRM,ca_mgl,7.243333333333333
1997-08-05,1997-10-07,PRM,mg_mgl,1.76
1997-08-05,1997-10-07,PRM,nh4_ugl,NA
1997-08-05,1997-10-07,PRM,no3_ugl,70.5
1997-10-07,1997-12-09,PRM,k_mgl,0.7822222222222223
1997-10-07,1997-12-09,PRM,ca_mgl,6.227777777777778
1997-10-07,1997-12-09,PRM,mg_mgl,1.7722222222222221
1997-10-07,1997-12-09,PRM,nh4_ugl,7.75
1997-10-07,1997-12-09,PRM,no3_ugl,45.66666666666667
1997-12-09,1998-02-10,PRM,k_mgl,0.7011111111111111
1997-12-09,1998-02-10,PRM,ca_mgl,7.401111111111112
1997-12-09,1998-02-10,PRM,mg_mgl,2.1333333333333333
1997-12-09,1998-02-10,PRM,nh4_ugl,35.42857142857143
1997-12-09,1998-02-10,PRM,no3_ugl,87.2
1998-02-10,1998-04-14,PRM,k_mgl,0.8088888888888889
1998-02-10,1998-04-14,PRM,ca_mgl,5.674444444444444
1998-02-10,1998-04-14,PRM,mg_mgl,1.9533333333333334
1998-02-10,1998-04-14,PRM,nh4_ugl,13.666666666666668
1998-02-10,1998-04-14,PRM,no3_ugl,40.125
1998-04-14,1998-06-16,PRM,k_mgl,0.7937500000000001
1998-04-14,1998-06-16,PRM,ca_mgl,5.708888888888889
1998-04-14,1998-06-16,PRM,mg_mgl,1.541111111111111
1998-04-14,1998-06-16,PRM,nh4_ugl,14.4
1998-04-14,1998-06-16,PRM,no3_ugl,68.14285714285714
1998-06-16,1998-08-18,PRM,k_mgl,0.744
1998-06-16,1998-08-18,PRM,ca_mgl,6.694545454545454
1998-06-16,1998-08-18,PRM,mg_mgl,2.1354545454545453
1998-06-16,1998-08-18,PRM,nh4_ugl,8.75
1998-06-16,1998-08-18,PRM,no3_ugl,56.18181818181818
1998-08-18,1998-10-20,PRM,k_mgl,0.9654545454545455
1998-08-18,1998-10-20,PRM,ca_mgl,7.5
1998-08-18,1998-10-20,PRM,mg_mgl,1.8933333333333333
1998-08-18,1998-10-20,PRM,nh4_ugl,15.222222222222221
1998-08-18,1998-10-20,PRM,no3_ugl,85.25
1998-10-20,1998-12-22,PRM,k_mgl,1.2466666666666666
1998-10-20,1998-12-22,PRM,ca_mgl,7.467777777777778
1998-10-20,1998-12-22,PRM,mg_mgl,1.8188888888888888
1998-10-20,1998-12-22,PRM,nh4_ugl,7.285714285714286
1998-10-20,1998-12-22,PRM,no3_ugl,394.22222222222223
1998-12-22,1999-02-23,PRM,k_mgl,1.12625
1998-12-22,1999-02-23,PRM,ca_mgl,7.17875
1998-12-22,1999-02-23,PRM,mg_mgl,2.93375
1998-12-22,1999-02-23,PRM,nh4_ugl,15.4
1998-12-22,1999-02-23,PRM,no3_ugl,262.14285714285717
1999-02-23,1999-04-27,PRM,k_mgl,0.9788888888888889
1999-02-23,1999-04-27,PRM,ca_mgl,8.314444444444444
1999-02-23,1999-04-27,PRM,mg_mgl,3.34
1999-02-23,1999-04-27,PRM,nh4_ugl,11
1999-02-23,1999-04-27,PRM,no3_ugl,126.22222222222223
1999-04-27,1999-06-29,PRM,k_mgl,1.05
1999-04-27,1999-06-29,PRM,ca_mgl,7.233333333333333
1999-04-27,1999-06-29,PRM,mg_mgl,2.2133333333333334
1999-04-27,1999-06-29,PRM,nh4_ugl,7.4
1999-04-27,1999-06-29,PRM,no3_ugl,114
1999-06-29,1999-08-31,PRM,k_mgl,0.8825
1999-06-29,1999-08-31,PRM,ca_mgl,6.2875
1999-06-29,1999-08-31,PRM,mg_mgl,1.82125
1999-06-29,1999-08-31,PRM,nh4_ugl,7.8
1999-06-29,1999-08-31,PRM,no3_ugl,130
1999-08-31,1999-11-02,PRM,k_mgl,0.7322222222222222
1999-08-31,1999-11-02,PRM,ca_mgl,6.4799999999999995
1999-08-31,1999-11-02,PRM,mg_mgl,1.77
1999-08-31,1999-11-02,PRM,nh4_ugl,7.166666666666667
1999-08-31,1999-11-02,PRM,no3_ugl,131.77777777777777
1999-11-02,2000-01-04,PRM,k_mgl,0.6844444444444444
1999-11-02,2000-01-04,PRM,ca_mgl,6.214444444444444
1999-11-02,2000-01-04,PRM,mg_mgl,1.8877777777777778
1999-11-02,2000-01-04,PRM,nh4_ugl,7
1999-11-02,2000-01-04,PRM,no3_ugl,182.11111111111111
2000-01-04,2000-03-07,PRM,k_mgl,0.588
2000-01-04,2000-03-07,PRM,ca_mgl,5.856
2000-01-04,2000-03-07,PRM,mg_mgl,1.83
2000-01-04,2000-03-07,PRM,nh4_ugl,9.2
2000-01-04,2000-03-07,PRM,no3_ugl,108.8
2000-03-07,2000-05-09,PRM,k_mgl,0.6488888888888888
2000-03-07,2000-05-09,PRM,ca_mgl,7.665555555555556
2000-03-07,2000-05-09,PRM,mg_mgl,2.388888888888889
2000-03-07,2000-05-09,PRM,nh4_ugl,6
2000-03-07,2000-05-09,PRM,no3_ugl,57.22222222222222
2000-05-09,2000-07-11,PRM,k_mgl,0.6611111111111111
2000-05-09,2000-07-11,PRM,ca_mgl,6.635555555555555
2000-05-09,2000-07-11,PRM,mg_mgl,1.951111111111111
2000-05-09,2000-07-11,PRM,nh4_ugl,8
2000-05-09,2000-07-11,PRM,no3_ugl,63.888888888888886
2000-07-11,2000-09-12,PRM,k_mgl,0.726
2000-07-11,2000-09-12,PRM,ca_mgl,7.111
2000-07-11,2000-09-12,PRM,mg_mgl,2.042
2000-07-11,2000-09-12,PRM,nh4_ugl,8.857142857142858
2000-07-11,2000-09-12,PRM,no3_ugl,69.7
2000-09-12,2000-11-14,PRM,k_mgl,0.73
2000-09-12,2000-11-14,PRM,ca_mgl,6.213333333333333
2000-09-12,2000-11-14,PRM,mg_mgl,1.8288888888888888
2000-09-12,2000-11-14,PRM,nh4_ugl,5.666666666666667
2000-09-12,2000-11-14,PRM,no3_ugl,88.11111111111111
2000-11-14,2001-01-16,PRM,k_mgl,0.7175
2000-11-14,2001-01-16,PRM,ca_mgl,6.69125
2000-11-14,2001-01-16,PRM,mg_mgl,2.04625
2000-11-14,2001-01-16,PRM,nh4_ugl,10.6
2000-11-14,2001-01-16,PRM,no3_ugl,100.5
2001-01-16,2001-03-20,PRM,k_mgl,0.7188888888888889
2001-01-16,2001-03-20,PRM,ca_mgl,8.607777777777779
2001-01-16,2001-03-20,PRM,mg_mgl,2.2944444444444443
2001-01-16,2001-03-20,PRM,nh4_ugl,8.875
2001-01-16,2001-03-20,PRM,no3_ugl,79.22222222222223
2001-03-20,2001-05-22,PRM,k_mgl,0.7233333333333334
2001-03-20,2001-05-22,PRM,ca_mgl,8.236666666666666
2001-03-20,2001-05-22,PRM,mg_mgl,1.9577777777777778
2001-03-20,2001-05-22,PRM,nh4_ugl,7
2001-03-20,2001-05-22,PRM,no3_ugl,47.22222222222222
2001-05-22,2001-07-24,PRM,k_mgl,0.7688888888888888
2001-05-22,2001-07-24,PRM,ca_mgl,7.783333333333333
2001-05-22,2001-07-24,PRM,mg_mgl,2.1533333333333333
2001-05-22,2001-07-24,PRM,nh4_ugl,6.6
2001-05-22,2001-07-24,PRM,no3_ugl,49.111111111111114
2001-07-24,2001-09-25,PRM,k_mgl,0.749
2001-07-24,2001-09-25,PRM,ca_mgl,7.92
2001-07-24,2001-09-25,PRM,mg_mgl,1.894
2001-07-24,2001-09-25,PRM,nh4_ugl,10
2001-07-24,2001-09-25,PRM,no3_ugl,54
2001-09-25,2001-11-27,PRM,k_mgl,0.683
2001-09-25,2001-11-27,PRM,ca_mgl,6.683
2001-09-25,2001-11-27,PRM,mg_mgl,1.781
2001-09-25,2001-11-27,PRM,nh4_ugl,10
2001-09-25,2001-11-27,PRM,no3_ugl,83.6
2001-11-27,2002-01-29,PRM,k_mgl,0.7266666666666667
2001-11-27,2002-01-29,PRM,ca_mgl,6.296666666666667
2001-11-27,2002-01-29,PRM,mg_mgl,2.022222222222222
2001-11-27,2002-01-29,PRM,nh4_ugl,7.25
2001-11-27,2002-01-29,PRM,no3_ugl,110.77777777777777
2002-01-29,2002-04-02,PRM,k_mgl,0.7366666666666667
2002-01-29,2002-04-02,PRM,ca_mgl,7.37
2002-01-29,2002-04-02,PRM,mg_mgl,2.203333333333333
2002-01-29,2002-04-02,PRM,nh4_ugl,10.8
2002-01-29,2002-04-02,PRM,no3_ugl,91.44444444444444
2002-04-02,2002-06-04,PRM,k_mgl,0.6522222222222223
2002-04-02,2002-06-04,PRM,ca_mgl,5.51
2002-04-02,2002-06-04,PRM,mg_mgl,1.61
2002-04-02,2002-06-04,PRM,nh4_ugl,7.166666666666667
2002-04-02,2002-06-04,PRM,no3_ugl,55.375
2002-06-04,2002-08-06,PRM,k_mgl,0.6822222222222223
2002-06-04,2002-08-06,PRM,ca_mgl,6.913333333333333
2002-06-04,2002-08-06,PRM,mg_mgl,2.082222222222222
2002-06-04,2002-08-06,PRM,nh4_ugl,10.777777777777779
2002-06-04,2002-08-06,PRM,no3_ugl,56.333333333333336
2002-08-06,2002-10-08,PRM,k_mgl,0.69
2002-08-06,2002-10-08,PRM,ca_mgl,8.188888888888888
2002-08-06,2002-10-08,PRM,mg_mgl,1.8888888888888888
2002-08-06,2002-10-08,PRM,nh4_ugl,7.25
2002-08-06,2002-10-08,PRM,no3_ugl,71.33333333333333
2002-10-08,2002-12-10,PRM,k_mgl,0.63
2002-10-08,2002-12-10,PRM,ca_mgl,8.002222222222223
2002-10-08,2002-12-10,PRM,mg_mgl,1.8777777777777778
2002-10-08,2002-12-10,PRM,nh4_ugl,9.333333333333334
2002-10-08,2002-12-10,PRM,no3_ugl,81.77777777777777
2002-12-10,2003-02-11,PRM,k_mgl,0.60875
2002-12-10,2003-02-11,PRM,ca_mgl,6.138571428571429
2002-12-10,2003-02-11,PRM,mg_mgl,1.5787499999999999
2002-12-10,2003-02-11,PRM,nh4_ugl,9.833333333333334
2002-12-10,2003-02-11,PRM,no3_ugl,91.22222222222223
2003-02-11,2003-04-15,PRM,k_mgl,0.65
2003-02-11,2003-04-15,PRM,ca_mgl,9.398888888888889
2003-02-11,2003-04-15,PRM,mg_mgl,2.3044444444444445
2003-02-11,2003-04-15,PRM,nh4_ugl,7.833333333333333
2003-02-11,2003-04-15,PRM,no3_ugl,57.77777777777778
2003-04-15,2003-06-17,PRM,k_mgl,0.6033333333333333
2003-04-15,2003-06-17,PRM,ca_mgl,6.2122222222222225
2003-04-15,2003-06-17,PRM,mg_mgl,1.8877777777777778
2003-04-15,2003-06-17,PRM,nh4_ugl,6.857142857142857
2003-04-15,2003-06-17,PRM,no3_ugl,50.333333333333336
2003-06-17,2003-08-19,PRM,k_mgl,0.7422222222222222
2003-06-17,2003-08-19,PRM,ca_mgl,5.837777777777778
2003-06-17,2003-08-19,PRM,mg_mgl,1.9622222222222223
2003-06-17,2003-08-19,PRM,nh4_ugl,11.75
2003-06-17,2003-08-19,PRM,no3_ugl,55
2003-08-19,2003-10-21,PRM,k_mgl,0.7144444444444444
2003-08-19,2003-10-21,PRM,ca_mgl,6.595555555555555
2003-08-19,2003-10-21,PRM,mg_mgl,1.8711111111111112
2003-08-19,2003-10-21,PRM,nh4_ugl,11.142857142857142
2003-08-19,2003-10-21,PRM,no3_ugl,92.66666666666667
2003-10-21,2003-12-23,PRM,k_mgl,0.6455555555555555
2003-10-21,2003-12-23,PRM,ca_mgl,6.772222222222222
2003-10-21,2003-12-23,PRM,mg_mgl,1.8255555555555556
2003-10-21,2003-12-23,PRM,nh4_ugl,8
2003-10-21,2003-12-23,PRM,no3_ugl,98.44444444444444
2003-12-23,2004-02-24,PRM,k_mgl,0.6744444444444444
2003-12-23,2004-02-24,PRM,ca_mgl,6.99
2003-12-23,2004-02-24,PRM,mg_mgl,2.04
2003-12-23,2004-02-24,PRM,nh4_ugl,16.666666666666668
2003-12-23,2004-02-24,PRM,no3_ugl,93.75
2004-02-24,2004-04-27,PRM,k_mgl,0.6488888888888888
2004-02-24,2004-04-27,PRM,ca_mgl,6.373333333333333
2004-02-24,2004-04-27,PRM,mg_mgl,1.8977777777777778
2004-02-24,2004-04-27,PRM,nh4_ugl,10.333333333333334
2004-02-24,2004-04-27,PRM,no3_ugl,50.111111111111114
2004-04-27,2004-06-29,PRM,k_mgl,0.6355555555555555
2004-04-27,2004-06-29,PRM,ca_mgl,5.094444444444444
2004-04-27,2004-06-29,PRM,mg_mgl,1.5055555555555555
2004-04-27,2004-06-29,PRM,nh4_ugl,12.75
2004-04-27,2004-06-29,PRM,no3_ugl,58.375
2004-06-29,2004-08-31,PRM,k_mgl,0.8511111111111112
2004-06-29,2004-08-31,PRM,ca_mgl,6.622222222222223
2004-06-29,2004-08-31,PRM,mg_mgl,2.0155555555555558
2004-06-29,2004-08-31,PRM,nh4_ugl,11.2
2004-06-29,2004-08-31,PRM,no3_ugl,69.77777777777777
2004-08-31,2004-11-02,PRM,k_mgl,0.9277777777777778
2004-08-31,2004-11-02,PRM,ca_mgl,7.204444444444444
2004-08-31,2004-11-02,PRM,mg_mgl,2.0555555555555554
2004-08-31,2004-11-02,PRM,nh4_ugl,6.5
2004-08-31,2004-11-02,PRM,no3_ugl,77.75
2004-11-02,2005-01-04,PRM,k_mgl,0.6155555555555555
2004-11-02,2005-01-04,PRM,ca_mgl,6.246666666666667
2004-11-02,2005-01-04,PRM,mg_mgl,1.541111111111111
2004-11-02,2005-01-04,PRM,nh4_ugl,13.333333333333334
2004-11-02,2005-01-04,PRM,no3_ugl,66.75
2005-01-04,2005-03-08,PRM,k_mgl,0.5611111111111111
2005-01-04,2005-03-08,PRM,ca_mgl,7.153333333333333
2005-01-04,2005-03-08,PRM,mg_mgl,1.9066666666666667
2005-01-04,2005-03-08,PRM,nh4_ugl,6
2005-01-04,2005-03-08,PRM,no3_ugl,79.77777777777777
2005-03-08,2005-05-10,PRM,k_mgl,0.6544444444444445
2005-03-08,2005-05-10,PRM,ca_mgl,7.803333333333334
2005-03-08,2005-05-10,PRM,mg_mgl,2.101111111111111
2005-03-08,2005-05-10,PRM,nh4_ugl,7.666666666666667
2005-03-08,2005-05-10,PRM,no3_ugl,68
2005-05-10,2005-07-12,PRM,k_mgl,0.6566666666666666
2005-05-10,2005-07-12,PRM,ca_mgl,6.734444444444445
2005-05-10,2005-07-12,PRM,mg_mgl,1.721111111111111
2005-05-10,2005-07-12,PRM,nh4_ugl,34.75
2005-05-10,2005-07-12,PRM,no3_ugl,60.333333333333336
2005-07-12,2005-09-13,PRM,k_mgl,0.5955555555555555
2005-07-12,2005-09-13,PRM,ca_mgl,7.562222222222222
2005-07-12,2005-09-13,PRM,mg_mgl,1.8388888888888888
2005-07-12,2005-09-13,PRM,nh4_ugl,24
2005-07-12,2005-09-13,PRM,no3_ugl,58.125
2005-09-13,2005-11-15,PRM,k_mgl,0.5888888888888889
2005-09-13,2005-11-15,PRM,ca_mgl,6.178888888888889
2005-09-13,2005-11-15,PRM,mg_mgl,1.6388888888888888
2005-09-13,2005-11-15,PRM,nh4_ugl,7.333333333333333
2005-09-13,2005-11-15,PRM,no3_ugl,68.875
2005-11-15,2006-01-17,PRM,k_mgl,0.5333333333333333
2005-11-15,2006-01-17,PRM,ca_mgl,6.5488888888888885
2005-11-15,2006-01-17,PRM,mg_mgl,1.7466666666666666
2005-11-15,2006-01-17,PRM,nh4_ugl,12.666666666666666
2005-11-15,2006-01-17,PRM,no3_ugl,70.875
2006-01-17,2006-03-21,PRM,k_mgl,0.5655555555555556
2006-01-17,2006-03-21,PRM,ca_mgl,6.71
2006-01-17,2006-03-21,PRM,mg_mgl,1.8655555555555554
2006-01-17,2006-03-21,PRM,nh4_ugl,9
2006-01-17,2006-03-21,PRM,no3_ugl,73.44444444444444
2006-03-21,2006-05-23,PRM,k_mgl,0.6111111111111112
2006-03-21,2006-05-23,PRM,ca_mgl,7.568888888888889
2006-03-21,2006-05-23,PRM,mg_mgl,1.9088888888888889
2006-03-21,2006-05-23,PRM,nh4_ugl,7
2006-03-21,2006-05-23,PRM,no3_ugl,45.333333333333336
2006-05-23,2006-07-25,PRM,k_mgl,0.6633333333333333
2006-05-23,2006-07-25,PRM,ca_mgl,7.418888888888889
2006-05-23,2006-07-25,PRM,mg_mgl,2.033333333333333
2006-05-23,2006-07-25,PRM,nh4_ugl,5.5
2006-05-23,2006-07-25,PRM,no3_ugl,64.875
2006-07-25,2006-09-26,PRM,k_mgl,0.6444444444444445
2006-07-25,2006-09-26,PRM,ca_mgl,7.7555555555555555
2006-07-25,2006-09-26,PRM,mg_mgl,1.9044444444444444
2006-07-25,2006-09-26,PRM,nh4_ugl,13.75
2006-07-25,2006-09-26,PRM,no3_ugl,65.25
2006-09-26,2006-11-28,PRM,k_mgl,0.6366666666666667
2006-09-26,2006-11-28,PRM,ca_mgl,7.8133333333333335
2006-09-26,2006-11-28,PRM,mg_mgl,1.7644444444444445
2006-09-26,2006-11-28,PRM,nh4_ugl,9
2006-09-26,2006-11-28,PRM,no3_ugl,59.375
2006-11-28,2007-01-30,PRM,k_mgl,0.6411111111111111
2006-11-28,2007-01-30,PRM,ca_mgl,7.66
2006-11-28,2007-01-30,PRM,mg_mgl,1.81
2006-11-28,2007-01-30,PRM,nh4_ugl,8
2006-11-28,2007-01-30,PRM,no3_ugl,81.88888888888889
2007-01-30,2007-04-03,PRM,k_mgl,0.7144444444444444
2007-01-30,2007-04-03,PRM,ca_mgl,8.1
2007-01-30,2007-04-03,PRM,mg_mgl,2.2622222222222224
2007-01-30,2007-04-03,PRM,nh4_ugl,7.142857142857143
2007-01-30,2007-04-03,PRM,no3_ugl,76.77777777777777
2007-04-03,2007-06-05,PRM,k_mgl,0.6622222222222223
2007-04-03,2007-06-05,PRM,ca_mgl,7.4622222222222225
2007-04-03,2007-06-05,PRM,mg_mgl,2.1122222222222224
2007-04-03,2007-06-05,PRM,nh4_ugl,8.5
2007-04-03,2007-06-05,PRM,no3_ugl,47.375
2007-06-05,2007-08-07,PRM,k_mgl,0.6666666666666666
2007-06-05,2007-08-07,PRM,ca_mgl,7.257777777777778
2007-06-05,2007-08-07,PRM,mg_mgl,1.88
2007-06-05,2007-08-07,PRM,nh4_ugl,10.571428571428571
2007-06-05,2007-08-07,PRM,no3_ugl,46.333333333333336
2007-08-07,2007-10-09,PRM,k_mgl,0.6455555555555555
2007-08-07,2007-10-09,PRM,ca_mgl,8.1033333333333335
2007-08-07,2007-10-09,PRM,mg_mgl,1.9766666666666666
2007-08-07,2007-10-09,PRM,nh4_ugl,7.166666666666667
2007-08-07,2007-10-09,PRM,no3_ugl,57.333333333333336
2007-10-09,2007-12-11,PRM,k_mgl,0.5266666666666666
2007-10-09,2007-12-11,PRM,ca_mgl,6.795555555555556
2007-10-09,2007-12-11,PRM,mg_mgl,1.7955555555555556
2007-10-09,2007-12-11,PRM,nh4_ugl,6.25
2007-10-09,2007-12-11,PRM,no3_ugl,115.88888888888889
2007-12-11,2008-02-12,PRM,k_mgl,0.595
2007-12-11,2008-02-12,PRM,ca_mgl,7.38
2007-12-11,2008-02-12,PRM,mg_mgl,1.73625
2007-12-11,2008-02-12,PRM,nh4_ugl,14.666666666666668
2007-12-11,2008-02-12,PRM,no3_ugl,63.857142857142854
2008-02-12,2008-04-15,PRM,k_mgl,0.6666666666666666
2008-02-12,2008-04-15,PRM,ca_mgl,7.401111111111111
2008-02-12,2008-04-15,PRM,mg_mgl,2.321111111111111
2008-02-12,2008-04-15,PRM,nh4_ugl,7.8
2008-02-12,2008-04-15,PRM,no3_ugl,66.875
2008-04-15,2008-06-17,PRM,k_mgl,0.64
2008-04-15,2008-06-17,PRM,ca_mgl,8.051111111111112
2008-04-15,2008-06-17,PRM,mg_mgl,1.9855555555555555
2008-04-15,2008-06-17,PRM,nh4_ugl,6
2008-04-15,2008-06-17,PRM,no3_ugl,40.125
2008-06-17,2008-08-19,PRM,k_mgl,0.67625
2008-06-17,2008-08-19,PRM,ca_mgl,8.379999999999999
2008-06-17,2008-08-19,PRM,mg_mgl,2.215
2008-06-17,2008-08-19,PRM,nh4_ugl,15
2008-06-17,2008-08-19,PRM,no3_ugl,58.375
2008-08-19,2008-10-21,PRM,k_mgl,0.5577777777777778
2008-08-19,2008-10-21,PRM,ca_mgl,6.913333333333333
2008-08-19,2008-10-21,PRM,mg_mgl,1.788888888888889
2008-08-19,2008-10-21,PRM,nh4_ugl,11.5
2008-08-19,2008-10-21,PRM,no3_ugl,69.77777777777777
2008-10-21,2008-12-23,PRM,k_mgl,0.5375
2008-10-21,2008-12-23,PRM,ca_mgl,6.9188888888888895
2008-10-21,2008-12-23,PRM,mg_mgl,1.9977777777777777
2008-10-21,2008-12-23,PRM,nh4_ugl,18.75
2008-10-21,2008-12-23,PRM,no3_ugl,68.22222222222223
2008-12-23,2009-02-24,PRM,k_mgl,0.5888888888888889
2008-12-23,2009-02-24,PRM,ca_mgl,8.88888888888889
2008-12-23,2009-02-24,PRM,mg_mgl,2.1
2008-12-23,2009-02-24,PRM,nh4_ugl,14.2
2008-12-23,2009-02-24,PRM,no3_ugl,65
2009-02-24,2009-04-28,PRM,k_mgl,0.6611111111111111
2009-02-24,2009-04-28,PRM,ca_mgl,10.355555555555556
2009-02-24,2009-04-28,PRM,mg_mgl,2.081111111111111
2009-02-24,2009-04-28,PRM,nh4_ugl,27
2009-02-24,2009-04-28,PRM,no3_ugl,45.714285714285715
2009-04-28,2009-06-30,PRM,k_mgl,0.6799999999999999
2009-04-28,2009-06-30,PRM,ca_mgl,7.156666666666666
2009-04-28,2009-06-30,PRM,mg_mgl,1.8733333333333333
2009-04-28,2009-06-30,PRM,nh4_ugl,9.5
2009-04-28,2009-06-30,PRM,no3_ugl,49.888888888888886
2009-06-30,2009-09-01,PRM,k_mgl,0.7122222222222222
2009-06-30,2009-09-01,PRM,ca_mgl,7.808888888888889
2009-06-30,2009-09-01,PRM,mg_mgl,2.02
2009-06-30,2009-09-01,PRM,nh4_ugl,10.285714285714286
2009-06-30,2009-09-01,PRM,no3_ugl,60.111111111111114
2009-09-01,2009-11-03,PRM,k_mgl,0.6777777777777778
2009-09-01,2009-11-03,PRM,ca_mgl,8.553333333333333
2009-09-01,2009-11-03,PRM,mg_mgl,1.8977777777777778
2009-09-01,2009-11-03,PRM,nh4_ugl,6.666666666666667
2009-09-01,2009-11-03,PRM,no3_ugl,69.5
2009-11-03,2010-01-05,PRM,k_mgl,0.7177777777777778
2009-11-03,2010-01-05,PRM,ca_mgl,8.341111111111111
2009-11-03,2010-01-05,PRM,mg_mgl,2.0077777777777777
2009-11-03,2010-01-05,PRM,nh4_ugl,15.2
2009-11-03,2010-01-05,PRM,no3_ugl,64
2010-01-05,2010-03-09,PRM,k_mgl,0.6144444444444445
2010-01-05,2010-03-09,PRM,ca_mgl,8.3533333333333335
2010-01-05,2010-03-09,PRM,mg_mgl,1.9455555555555555
2010-01-05,2010-03-09,PRM,nh4_ugl,14
2010-01-05,2010-03-09,PRM,no3_ugl,74.11111111111111
2010-03-09,2010-05-11,PRM,k_mgl,0.5388888888888889
2010-03-09,2010-05-11,PRM,ca_mgl,7.892222222222222
2010-03-09,2010-05-11,PRM,mg_mgl,2.042222222222222
2010-03-09,2010-05-11,PRM,nh4_ugl,11.857142857142858
2010-03-09,2010-05-11,PRM,no3_ugl,62.111111111111114
2010-05-11,2010-07-13,PRM,k_mgl,0.49666666666666665
2010-05-11,2010-07-13,PRM,ca_mgl,6.328888888888889
2010-05-11,2010-07-13,PRM,mg_mgl,1.6233333333333333
2010-05-11,2010-07-13,PRM,nh4_ugl,8.25
2010-05-11,2010-07-13,PRM,no3_ugl,40.111111111111114
2010-07-13,2010-09-14,PRM,k_mgl,0.5875
2010-07-13,2010-09-14,PRM,ca_mgl,6.41375
2010-07-13,2010-09-14,PRM,mg_mgl,1.575
2010-07-13,2010-09-14,PRM,nh4_ugl,11.833333333333334
2010-07-13,2010-09-14,PRM,no3_ugl,59.666666666666664
2010-09-14,2010-11-16,PRM,k_mgl,0.5833333333333334
2010-09-14,2010-11-16,PRM,ca_mgl,8.29
2010-09-14,2010-11-16,PRM,mg_mgl,1.9877777777777779
2010-09-14,2010-11-16,PRM,nh4_ugl,11
2010-09-14,2010-11-16,PRM,no3_ugl,85.11111111111111
2010-11-16,2011-01-18,PRM,k_mgl,0.6411111111111111
2010-11-16,2011-01-18,PRM,ca_mgl,7.49
2010-11-16,2011-01-18,PRM,mg_mgl,2.0633333333333335
2010-11-16,2011-01-18,PRM,nh4_ugl,23
2010-11-16,2011-01-18,PRM,no3_ugl,55.125
2011-01-18,2011-03-22,PRM,k_mgl,0.5377777777777778
2011-01-18,2011-03-22,PRM,ca_mgl,9.027777777777779
2011-01-18,2011-03-22,PRM,mg_mgl,2.0077777777777777
2011-01-18,2011-03-22,PRM,nh4_ugl,6.5
2011-01-18,2011-03-22,PRM,no3_ugl,49.857142857142854
2011-03-22,2011-05-24,PRM,k_mgl,0.5688888888888889
2011-03-22,2011-05-24,PRM,ca_mgl,8.514444444444445
2011-03-22,2011-05-24,PRM,mg_mgl,1.9288888888888889
2011-03-22,2011-05-24,PRM,nh4_ugl,21
2011-03-22,2011-05-24,PRM,no3_ugl,31.5
2011-05-24,2011-07-26,PRM,k_mgl,0.54
2011-05-24,2011-07-26,PRM,ca_mgl,8.305555555555555
2011-05-24,2011-07-26,PRM,mg_mgl,1.5711111111111111
2011-05-24,2011-07-26,PRM,nh4_ugl,13
2011-05-24,2011-07-26,PRM,no3_ugl,41.55555555555556
2011-07-26,2011-09-27,PRM,k_mgl,0.5375
2011-07-26,2011-09-27,PRM,ca_mgl,7.0175
2011-07-26,2011-09-27,PRM,mg_mgl,1.51125
2011-07-26,2011-09-27,PRM,nh4_ugl,NA
2011-07-26,2011-09-27,PRM,no3_ugl,82
2011-09-27,2011-11-29,PRM,k_mgl,0.5844444444444444
2011-09-27,2011-11-29,PRM,ca_mgl,8.973333333333333
2011-09-27,2011-11-29,PRM,mg_mgl,1.83
2011-09-27,2011-11-29,PRM,nh4_ugl,9.5
2011-09-27,2011-11-29,PRM,no3_ugl,79.25
2011-11-29,2012-01-31,PRM,k_mgl,0.5888888888888889
2011-11-29,2012-01-31,PRM,ca_mgl,8.97888888888889
2011-11-29,2012-01-31,PRM,mg_mgl,1.8622222222222222
2011-11-29,2012-01-31,PRM,nh4_ugl,11.6
2011-11-29,2012-01-31,PRM,no3_ugl,90.22222222222223
2012-01-31,2012-04-03,PRM,k_mgl,0.5844444444444444
2012-01-31,2012-04-03,PRM,ca_mgl,9.338888888888889
2012-01-31,2012-04-03,PRM,mg_mgl,2.0933333333333333
2012-01-31,2012-04-03,PRM,nh4_ugl,15
2012-01-31,2012-04-03,PRM,no3_ugl,42
2012-04-03,2012-06-05,PRM,k_mgl,0.5844444444444444
2012-04-03,2012-06-05,PRM,ca_mgl,8.012222222222222
2012-04-03,2012-06-05,PRM,mg_mgl,1.7255555555555555
2012-04-03,2012-06-05,PRM,nh4_ugl,NA
2012-04-03,2012-06-05,PRM,no3_ugl,26.5
2012-06-05,2012-08-07,PRM,k_mgl,0.58125
2012-06-05,2012-08-07,PRM,ca_mgl,8.13125
2012-06-05,2012-08-07,PRM,mg_mgl,1.8625
2012-06-05,2012-08-07,PRM,nh4_ugl,11.75
2012-06-05,2012-08-07,PRM,no3_ugl,58.42857142857143
2012-08-07,2012-10-09,PRM,k_mgl,0.6222222222222222
2012-08-07,2012-10-09,PRM,ca_mgl,8.887777777777778
2012-08-07,2012-10-09,PRM,mg_mgl,1.991111111111111
2012-08-07,2012-10-09,PRM,nh4_ugl,8.333333333333334
2012-08-07,2012-10-09,PRM,no3_ugl,75.66666666666667
2012-10-09,2012-12-11,PRM,k_mgl,0.5666666666666667
2012-10-09,2012-12-11,PRM,ca_mgl,6.88
2012-10-09,2012-12-11,PRM,mg_mgl,1.671111111111111
2012-10-09,2012-12-11,PRM,nh4_ugl,6
2012-10-09,2012-12-11,PRM,no3_ugl,32.6
2012-12-11,2013-02-12,PRM,k_mgl,0.6288888888888889
2012-12-11,2013-02-12,PRM,ca_mgl,8.872222222222222
2012-12-11,2013-02-12,PRM,mg_mgl,2.008888888888889
2012-12-11,2013-02-12,PRM,nh4_ugl,12
2012-12-11,2013-02-12,PRM,no3_ugl,77.8
2013-02-12,2013-04-16,PRM,k_mgl,0.6166666666666667
2013-02-12,2013-04-16,PRM,ca_mgl,6.567777777777778
2013-02-12,2013-04-16,PRM,mg_mgl,1.6944444444444444
2013-02-12,2013-04-16,PRM,nh4_ugl,14
2013-02-12,2013-04-16,PRM,no3_ugl,61
2013-04-16,2013-06-18,PRM,k_mgl,0.51
2013-04-16,2013-06-18,PRM,ca_mgl,6.9222222222222225
2013-04-16,2013-06-18,PRM,mg_mgl,1.5733333333333335
2013-04-16,2013-06-18,PRM,nh4_ugl,6
2013-04-16,2013-06-18,PRM,no3_ugl,28.166666666666668
2013-06-18,2013-08-20,PRM,k_mgl,0.4222222222222222
2013-06-18,2013-08-20,PRM,ca_mgl,7.495555555555556
2013-06-18,2013-08-20,PRM,mg_mgl,1.4566666666666668
2013-06-18,2013-08-20,PRM,nh4_ugl,12
2013-06-18,2013-08-20,PRM,no3_ugl,35.666666666666664
2013-08-20,2013-10-22,PRM,k_mgl,0.38571428571428573
2013-08-20,2013-10-22,PRM,ca_mgl,7.84
2013-08-20,2013-10-22,PRM,mg_mgl,1.73
2013-08-20,2013-10-22,PRM,nh4_ugl,11
2013-08-20,2013-10-22,PRM,no3_ugl,61.666666666666664
2013-10-22,2013-12-24,PRM,k_mgl,0.5333333333333333
2013-10-22,2013-12-24,PRM,ca_mgl,6.702222222222222
2013-10-22,2013-12-24,PRM,mg_mgl,1.588888888888889
2013-10-22,2013-12-24,PRM,nh4_ugl,8.75
2013-10-22,2013-12-24,PRM,no3_ugl,63.625
2013-12-24,2014-02-25,PRM,k_mgl,0.5966666666666667
2013-12-24,2014-02-25,PRM,ca_mgl,6.768888888888888
2013-12-24,2014-02-25,PRM,mg_mgl,1.6877777777777778
2013-12-24,2014-02-25,PRM,nh4_ugl,8.666666666666666
2013-12-24,2014-02-25,PRM,no3_ugl,73.57142857142857
2014-02-25,2014-04-29,PRM,k_mgl,0.7333333333333333
2014-02-25,2014-04-29,PRM,ca_mgl,9.117777777777778
2014-02-25,2014-04-29,PRM,mg_mgl,2.0755555555555554
2014-02-25,2014-04-29,PRM,nh4_ugl,9.666666666666666
2014-02-25,2014-04-29,PRM,no3_ugl,58.33333333333333
2014-04-29,2014-07-01,PRM,k_mgl,0.7377777777777778
2014-04-29,2014-07-01,PRM,ca_mgl,7.683333333333333
2014-04-29,2014-07-01,PRM,mg_mgl,1.9377777777777778
2014-04-29,2014-07-01,PRM,nh4_ugl,17
2014-04-29,2014-07-01,PRM,no3_ugl,54.4
2014-07-01,2014-09-02,PRM,k_mgl,0.78875
2014-07-01,2014-09-02,PRM,ca_mgl,7.7325
2014-07-01,2014-09-02,PRM,mg_mgl,1.96875
2014-07-01,2014-09-02,PRM,nh4_ugl,7
2014-07-01,2014-09-02,PRM,no3_ugl,70
2014-09-02,2014-11-04,PRM,k_mgl,0.6666666666666666
2014-09-02,2014-11-04,PRM,ca_mgl,7.8933333333333335
2014-09-02,2014-11-04,PRM,mg_mgl,1.68
2014-09-02,2014-11-04,PRM,nh4_ugl,10.25
2014-09-02,2014-11-04,PRM,no3_ugl,78.57142857142857
2014-11-04,2015-01-06,PRM,k_mgl,0.58
2014-11-04,2015-01-06,PRM,ca_mgl,7.597777777777778
2014-11-04,2015-01-06,PRM,mg_mgl,1.77
2014-11-04,2015-01-06,PRM,nh4_ugl,9.5
2014-11-04,2015-01-06,PRM,no3_ugl,60.142857142857146
2015-01-06,2015-03-10,PRM,k_mgl,0.62125
2015-01-06,2015-03-10,PRM,ca_mgl,7.7275
2015-01-06,2015-03-10,PRM,mg_mgl,1.74
2015-01-06,2015-03-10,PRM,nh4_ugl,8
2015-01-06,2015-03-10,PRM,no3_ugl,62.5
2015-03-10,2015-05-12,PRM,k_mgl,0.72875
2015-03-10,2015-05-12,PRM,ca_mgl,9.52125
2015-03-10,2015-05-12,PRM,mg_mgl,2.0837499999999998
2015-03-10,2015-05-12,PRM,nh4_ugl,5
2015-03-10,2015-05-12,PRM,no3_ugl,86.33333333333333
2015-05-12,2015-07-14,PRM,k_mgl,0.89625
2015-05-12,2015-07-14,PRM,ca_mgl,11.063749999999999
2015-05-12,2015-07-14,PRM,mg_mgl,2.31125
2015-05-12,2015-07-14,PRM,nh4_ugl,5.5
2015-05-12,2015-07-14,PRM,no3_ugl,51.5
2015-07-14,2015-09-15,PRM,k_mgl,0.79
2015-07-14,2015-09-15,PRM,ca_mgl,10.085
2015-07-14,2015-09-15,PRM,mg_mgl,1.9175
2015-07-14,2015-09-15,PRM,nh4_ugl,9.333333333333334
2015-07-14,2015-09-15,PRM,no3_ugl,96.5
2015-09-15,2015-11-17,PRM,k_mgl,0.6433333333333333
2015-09-15,2015-11-17,PRM,ca_mgl,8.927777777777777
2015-09-15,2015-11-17,PRM,mg_mgl,1.6866666666666665
2015-09-15,2015-11-17,PRM,nh4_ugl,6
2015-09-15,2015-11-17,PRM,no3_ugl,62
2015-11-17,2016-01-19,PRM,k_mgl,0.64
2015-11-17,2016-01-19,PRM,ca_mgl,8.398888888888889
2015-11-17,2016-01-19,PRM,mg_mgl,1.6355555555555557
2015-11-17,2016-01-19,PRM,nh4_ugl,6
2015-11-17,2016-01-19,PRM,no3_ugl,67.71428571428571
2016-01-19,2016-03-22,PRM,k_mgl,0.7088888888888889
2016-01-19,2016-03-22,PRM,ca_mgl,8.688888888888888
2016-01-19,2016-03-22,PRM,mg_mgl,2.1333333333333333
2016-01-19,2016-03-22,PRM,nh4_ugl,9
2016-01-19,2016-03-22,PRM,no3_ugl,97.2
2016-03-22,2016-05-24,PRM,k_mgl,0.63
2016-03-22,2016-05-24,PRM,ca_mgl,9.32
2016-03-22,2016-05-24,PRM,mg_mgl,2.06
2016-03-22,2016-05-24,PRM,nh4_ugl,13
2016-03-22,2016-05-24,PRM,no3_ugl,31.25
2016-05-24,2016-07-26,PRM,k_mgl,0.6111111111111112
2016-05-24,2016-07-26,PRM,ca_mgl,8.278888888888888
2016-05-24,2016-07-26,PRM,mg_mgl,1.9666666666666666
2016-05-24,2016-07-26,PRM,nh4_ugl,8.4
2016-05-24,2016-07-26,PRM,no3_ugl,50
2016-07-26,2016-09-27,PRM,k_mgl,0.6544444444444445
2016-07-26,2016-09-27,PRM,ca_mgl,7.885555555555555
2016-07-26,2016-09-27,PRM,mg_mgl,1.8555555555555554
2016-07-26,2016-09-27,PRM,nh4_ugl,6.333333333333333
2016-07-26,2016-09-27,PRM,no3_ugl,52.375
2016-09-27,2016-11-29,PRM,k_mgl,0.6144444444444445
2016-09-27,2016-11-29,PRM,ca_mgl,7.871111111111111
2016-09-27,2016-11-29,PRM,mg_mgl,1.9566666666666666
2016-09-27,2016-11-29,PRM,nh4_ugl,5.333333333333333
2016-09-27,2016-11-29,PRM,no3_ugl,92.375
2016-11-29,2017-01-31,PRM,k_mgl,0.6011111111111112
2016-11-29,2017-01-31,PRM,ca_mgl,7.032222222222222
2016-11-29,2017-01-31,PRM,mg_mgl,1.7066666666666668
2016-11-29,2017-01-31,PRM,nh4_ugl,7
2016-11-29,2017-01-31,PRM,no3_ugl,81.5
2017-01-31,2017-04-04,PRM,k_mgl,0.7011111111111111
2017-01-31,2017-04-04,PRM,ca_mgl,8.732222222222223
2017-01-31,2017-04-04,PRM,mg_mgl,2.0877777777777777
2017-01-31,2017-04-04,PRM,nh4_ugl,23
2017-01-31,2017-04-04,PRM,no3_ugl,74.22222222222223
2017-04-04,2017-06-06,PRM,k_mgl,0.6966666666666667
2017-04-04,2017-06-06,PRM,ca_mgl,6.668888888888889
2017-04-04,2017-06-06,PRM,mg_mgl,1.5933333333333333
2017-04-04,2017-06-06,PRM,nh4_ugl,7.5
2017-04-04,2017-06-06,PRM,no3_ugl,76.8
2017-06-06,2017-08-08,PRM,k_mgl,0.6744444444444444
2017-06-06,2017-08-08,PRM,ca_mgl,7.2444444444444445
2017-06-06,2017-08-08,PRM,mg_mgl,2.0733333333333333
2017-06-06,2017-08-08,PRM,nh4_ugl,6
2017-06-06,2017-08-08,PRM,no3_ugl,54.57142857142857
2017-08-08,2017-10-10,PRM,k_mgl,0.61
2017-08-08,2017-10-10,PRM,ca_mgl,6.98
2017-08-08,2017-10-10,PRM,mg_mgl,1.675
2017-08-08,2017-10-10,PRM,nh4_ugl,NA
2017-08-08,2017-10-10,PRM,no3_ugl,77
2017-10-10,2017-12-12,PRM,k_mgl,1.3683333333333334
2017-10-10,2017-12-12,PRM,ca_mgl,7.3950000000000005
2017-10-10,2017-12-12,PRM,mg_mgl,1.8966666666666667
2017-10-10,2017-12-12,PRM,nh4_ugl,NA
2017-10-10,2017-12-12,PRM,no3_ugl,403.4
2017-12-12,2018-02-13,PRM,k_mgl,1.2375
2017-12-12,2018-02-13,PRM,ca_mgl,6.9937499999999995
2017-12-12,2018-02-13,PRM,mg_mgl,2.04875
2017-12-12,2018-02-13,PRM,nh4_ugl,8
2017-12-12,2018-02-13,PRM,no3_ugl,366.6666666666667
2018-02-13,2018-04-17,PRM,k_mgl,0.9137500000000001
2018-02-13,2018-04-17,PRM,ca_mgl,6.6274999999999995
2018-02-13,2018-04-17,PRM,mg_mgl,1.93625
2018-02-13,2018-04-17,PRM,nh4_ugl,16
2018-02-13,2018-04-17,PRM,no3_ugl,134.71428571428572
2018-04-17,2018-06-19,PRM,k_mgl,0.9677777777777777
2018-04-17,2018-06-19,PRM,ca_mgl,7.098888888888889
2018-04-17,2018-06-19,PRM,mg_mgl,1.8066666666666666
2018-04-17,2018-06-19,PRM,nh4_ugl,17.5
2018-04-17,2018-06-19,PRM,no3_ugl,140.71428571428572
2018-06-19,2018-08-21,PRM,k_mgl,0.8444444444444444
2018-06-19,2018-08-21,PRM,ca_mgl,7.438888888888889
2018-06-19,2018-08-21,PRM,mg_mgl,2.0366666666666666
2018-06-19,2018-08-21,PRM,nh4_ugl,11.333333333333334
2018-06-19,2018-08-21,PRM,no3_ugl,75.66666666666667
2018-08-21,2018-10-23,PRM,k_mgl,0.8300000000000001
2018-08-21,2018-10-23,PRM,ca_mgl,7.305
2018-08-21,2018-10-23,PRM,mg_mgl,1.79
2018-08-21,2018-10-23,PRM,nh4_ugl,7
2018-08-21,2018-10-23,PRM,no3_ugl,99.33333333333333
2018-10-23,2018-12-25,PRM,k_mgl,0.7666666666666667
2018-10-23,2018-12-25,PRM,ca_mgl,8.148333333333333
2018-10-23,2018-12-25,PRM,mg_mgl,2.0816666666666666
2018-10-23,2018-12-25,PRM,nh4_ugl,9
2018-10-23,2018-12-25,PRM,no3_ugl,144
2018-12-25,2019-02-26,PRM,k_mgl,0.7424999999999999
2018-12-25,2019-02-26,PRM,ca_mgl,8.14875
2018-12-25,2019-02-26,PRM,mg_mgl,2.23125
2018-12-25,2019-02-26,PRM,nh4_ugl,5
2018-12-25,2019-02-26,PRM,no3_ugl,70
2019-02-26,2019-04-30,PRM,k_mgl,0.7644444444444445
2019-02-26,2019-04-30,PRM,ca_mgl,8.445555555555556
2019-02-26,2019-04-30,PRM,mg_mgl,2.2177777777777776
2019-02-26,2019-04-30,PRM,nh4_ugl,5
2019-02-26,2019-04-30,PRM,no3_ugl,90.33333333333333
2019-04-30,2019-07-02,PRM,k_mgl,0.7333333333333334
2019-04-30,2019-07-02,PRM,ca_mgl,7.77
2019-04-30,2019-07-02,PRM,mg_mgl,1.8855555555555554
2019-04-30,2019-07-02,PRM,nh4_ugl,20
2019-04-30,2019-07-02,PRM,no3_ugl,89.71428571428571
2019-07-02,2019-09-03,PRM,k_mgl,0.6944444444444444
2019-07-02,2019-09-03,PRM,ca_mgl,6.695555555555555
2019-07-02,2019-09-03,PRM,mg_mgl,1.7533333333333334
2019-07-02,2019-09-03,PRM,nh4_ugl,8.5
2019-07-02,2019-09-03,PRM,no3_ugl,53.833333333333336
2019-09-03,2019-11-05,PRM,k_mgl,0.6233333333333333
2019-09-03,2019-11-05,PRM,ca_mgl,6.666666666666667
2019-09-03,2019-11-05,PRM,mg_mgl,1.8766666666666667
2019-09-03,2019-11-05,PRM,nh4_ugl,7.5
2019-09-03,2019-11-05,PRM,no3_ugl,83
2019-11-05,2020-01-07,PRM,k_mgl,0.6344444444444445
2019-11-05,2020-01-07,PRM,ca_mgl,6.444444444444445
2019-11-05,2020-01-07,PRM,mg_mgl,1.7533333333333334
2019-11-05,2020-01-07,PRM,nh4_ugl,6.8
2019-11-05,2020-01-07,PRM,no3_ugl,117.44444444444444
2020-01-07,2020-03-10,PRM,k_mgl,0.6255555555555555
2020-01-07,2020-03-10,PRM,ca_mgl,6.28
2020-01-07,2020-03-10,PRM,mg_mgl,1.7844444444444445
2020-01-07,2020-03-10,PRM,nh4_ugl,8.75
2020-01-07,2020-03-10,PRM,no3_ugl,122.75
2020-03-10,2020-05-12,PRM,k_mgl,0.67
2020-03-10,2020-05-12,PRM,ca_mgl,8.885
2020-03-10,2020-05-12,PRM,mg_mgl,1.985
2020-03-10,2020-05-12,PRM,nh4_ugl,NA
2020-03-10,2020-05-12,PRM,no3_ugl,99
2020-05-12,2020-07-14,PRM,k_mgl,0.61
2020-05-12,2020-07-14,PRM,ca_mgl,5.15
2020-05-12,2020-07-14,PRM,mg_mgl,1.24
2020-05-12,2020-07-14,PRM,nh4_ugl,9
2020-05-12,2020-07-14,PRM,no3_ugl,56
2020-07-14,2020-09-15,PRM,k_mgl,0.6583333333333333
2020-07-14,2020-09-15,PRM,ca_mgl,6.521428571428571
2020-07-14,2020-09-15,PRM,mg_mgl,1.9171428571428573
2020-07-14,2020-09-15,PRM,nh4_ugl,8.25
2020-07-14,2020-09-15,PRM,no3_ugl,65.16666666666667
2020-09-15,2020-11-17,PRM,k_mgl,0.65
2020-09-15,2020-11-17,PRM,ca_mgl,5.155714285714286
2020-09-15,2020-11-17,PRM,mg_mgl,1.8842857142857143
2020-09-15,2020-11-17,PRM,nh4_ugl,11.4
2020-09-15,2020-11-17,PRM,no3_ugl,112
2020-11-17,2021-01-19,PRM,k_mgl,0.6657142857142857
2020-11-17,2021-01-19,PRM,ca_mgl,7.008571428571429
2020-11-17,2021-01-19,PRM,mg_mgl,1.9428571428571428
2020-11-17,2021-01-19,PRM,nh4_ugl,12
2020-11-17,2021-01-19,PRM,no3_ugl,118.28571428571429
